REGION,TIMESLICE,FUEL,YEAR,VALUE
RD,All,E5COMDSL,2018,1.1304
RD,All,E5COMDSL,2019,1.3405
RD,All,E5COMDSL,2020,1.156
RD,All,E5COMDSL,2021,1.3159
RD,All,E5COMDSL,2022,1.228
RD,All,E5COMDSL,2023,1.2225
RD,All,E5COMDSL,2024,1.2643
RD,All,E5COMDSL,2025,1.3062
RD,All,E5COMDSL,2026,1.3318
RD,All,E5COMDSL,2027,1.3575
RD,All,E5COMDSL,2028,1.3832
RD,All,E5COMDSL,2029,1.4089
RD,All,E5COMDSL,2030,1.4346
RD,All,E5COMDSL,2031,1.4505
RD,All,E5COMDSL,2032,1.4664
RD,All,E5COMDSL,2033,1.4823
RD,All,E5COMDSL,2034,1.4982
RD,All,E5COMDSL,2035,1.5141
RD,All,E5COMDSL,2036,1.53
RD,All,E5COMDSL,2037,1.5459
RD,All,E5COMDSL,2038,1.5618
RD,All,E5COMDSL,2039,1.5777
RD,All,E5COMDSL,2040,1.5936
RD,All,E5COMDSL,2041,1.5842
RD,All,E5COMDSL,2042,1.5749
RD,All,E5COMDSL,2043,1.5655
RD,All,E5COMDSL,2044,1.5562
RD,All,E5COMDSL,2045,1.5468
RD,All,E5COMDSL,2046,1.5375
RD,All,E5COMDSL,2047,1.5281
RD,All,E5COMDSL,2048,1.5188
RD,All,E5COMDSL,2049,1.5094
RD,All,E5COMDSL,2050,1.5001
RD,All,E5COMGSL,2018,0.0321999999999999
RD,All,E5COMGSL,2019,0.0011999999999999
RD,All,E5COMGSL,2020,0.0011
RD,All,E5COMGSL,2021,0.0012999999999999
RD,All,E5COMGSL,2022,0.0016
RD,All,E5COMGSL,2023,0.0016
RD,All,E5COMGSL,2024,0.0016999999999999
RD,All,E5COMGSL,2025,0.0016999999999999
RD,All,E5COMGSL,2026,0.0016999999999999
RD,All,E5COMGSL,2027,0.0018
RD,All,E5COMGSL,2028,0.0018
RD,All,E5COMGSL,2029,0.0019
RD,All,E5COMGSL,2030,0.0019
RD,All,E5COMGSL,2031,0.0019
RD,All,E5COMGSL,2032,0.0019
RD,All,E5COMGSL,2033,0.0019
RD,All,E5COMGSL,2034,0.002
RD,All,E5COMGSL,2035,0.002
RD,All,E5COMGSL,2036,0.002
RD,All,E5COMGSL,2037,0.002
RD,All,E5COMGSL,2038,0.0020999999999999
RD,All,E5COMGSL,2039,0.0020999999999999
RD,All,E5COMGSL,2040,0.0020999999999999
RD,All,E5COMGSL,2041,0.0020999999999999
RD,All,E5COMGSL,2042,0.0020999999999999
RD,All,E5COMGSL,2043,0.0020999999999999
RD,All,E5COMGSL,2044,0.002
RD,All,E5COMGSL,2045,0.002
RD,All,E5COMGSL,2046,0.002
RD,All,E5COMGSL,2047,0.002
RD,All,E5COMGSL,2048,0.002
RD,All,E5COMGSL,2049,0.002
RD,All,E5COMGSL,2050,0.002
RD,All,E5COMNGS,2018,0.095
RD,All,E5COMLPG,2018,2.0963
RD,All,E5COMLPG,2019,2.5773
RD,All,E5COMLPG,2020,2.2652
RD,All,E5COMLPG,2021,2.5138
RD,All,E5COMLPG,2022,2.4882
RD,All,E5COMLPG,2023,2.4771
RD,All,E5COMLPG,2024,2.5617
RD,All,E5COMLPG,2025,2.6465
RD,All,E5COMLPG,2026,2.6985
RD,All,E5COMLPG,2027,2.7505
RD,All,E5COMLPG,2028,2.8026
RD,All,E5COMLPG,2029,2.8546
RD,All,E5COMLPG,2030,2.9066
RD,All,E5COMLPG,2031,2.9388
RD,All,E5COMLPG,2032,2.9711
RD,All,E5COMLPG,2033,3.0033
RD,All,E5COMLPG,2034,3.0355
RD,All,E5COMLPG,2035,3.0677
RD,All,E5COMLPG,2036,3.0999
RD,All,E5COMLPG,2037,3.1321
RD,All,E5COMLPG,2038,3.1643
RD,All,E5COMLPG,2039,3.1966
RD,All,E5COMLPG,2040,3.2288
RD,All,E5COMLPG,2041,3.2098
RD,All,E5COMLPG,2042,3.1909
RD,All,E5COMLPG,2043,3.172
RD,All,E5COMLPG,2044,3.153
RD,All,E5COMLPG,2045,3.1341
RD,All,E5COMLPG,2046,3.1151
RD,All,E5COMLPG,2047,3.0962
RD,All,E5COMLPG,2048,3.0772
RD,All,E5COMLPG,2049,3.0583
RD,All,E5COMLPG,2050,3.0394
RD,All,E5COMELE,2018,16.1066
RD,All,E5COMELE,2019,15.8514
RD,All,E5COMELE,2020,15.7968
RD,All,E5COMELE,2021,17.6972
RD,All,E5COMELE,2022,18.2137
RD,All,E5COMELE,2023,18.1324
RD,All,E5COMELE,2024,18.7517
RD,All,E5COMELE,2025,19.3726
RD,All,E5COMELE,2026,19.786
RD,All,E5COMELE,2027,20.1993
RD,All,E5COMELE,2028,20.6127
RD,All,E5COMELE,2029,21.0261
RD,All,E5COMELE,2030,21.4395
RD,All,E5COMELE,2031,21.7888
RD,All,E5COMELE,2032,22.1381
RD,All,E5COMELE,2033,22.4874
RD,All,E5COMELE,2034,22.8367
RD,All,E5COMELE,2035,23.186
RD,All,E5COMELE,2036,23.5353
RD,All,E5COMELE,2037,23.8846
RD,All,E5COMELE,2038,24.2339
RD,All,E5COMELE,2039,24.5831
RD,All,E5COMELE,2040,24.9324
RD,All,E5COMELE,2041,24.9353
RD,All,E5COMELE,2042,24.9382
RD,All,E5COMELE,2043,24.9411
RD,All,E5COMELE,2044,24.944
RD,All,E5COMELE,2045,24.9469
RD,All,E5COMELE,2046,24.9497
RD,All,E5COMELE,2047,24.9526
RD,All,E5COMELE,2048,24.9555
RD,All,E5COMELE,2049,24.9584
RD,All,E5COMELE,2050,24.9613
RD,All,E5COMFIR,2018,0.0247
RD,All,E5COMFIR,2019,0.0025999999999999
RD,All,E5COMFIR,2020,0.0025999999999999
RD,All,E5COMFIR,2021,0.0027
RD,All,E5COMFIR,2022,0.0027
RD,All,E5COMFIR,2023,0.0027
RD,All,E5COMFIR,2024,0.0028
RD,All,E5COMFIR,2025,0.0028999999999999
RD,All,E5COMFIR,2026,0.0028999999999999
RD,All,E5COMFIR,2027,0.003
RD,All,E5COMFIR,2028,0.003
RD,All,E5COMFIR,2029,0.0030999999999999
RD,All,E5COMFIR,2030,0.0030999999999999
RD,All,E5COMFIR,2031,0.0032
RD,All,E5COMFIR,2032,0.0032
RD,All,E5COMFIR,2033,0.0032
RD,All,E5COMFIR,2034,0.0033
RD,All,E5COMFIR,2035,0.0033
RD,All,E5COMFIR,2036,0.0033
RD,All,E5COMFIR,2037,0.0033999999999999
RD,All,E5COMFIR,2038,0.0033999999999999
RD,All,E5COMFIR,2039,0.0033999999999999
RD,All,E5COMFIR,2040,0.0035
RD,All,E5COMFIR,2041,0.0035
RD,All,E5COMFIR,2042,0.0033999999999999
RD,All,E5COMFIR,2043,0.0033999999999999
RD,All,E5COMFIR,2044,0.0033999999999999
RD,All,E5COMFIR,2045,0.0033999999999999
RD,All,E5COMFIR,2046,0.0033999999999999
RD,All,E5COMFIR,2047,0.0033
RD,All,E5COMFIR,2048,0.0033
RD,All,E5COMFIR,2049,0.0033
RD,All,E5COMFIR,2050,0.0033
RD,All,E5INDDSL,2018,4.9228
RD,All,E5INDDSL,2019,7.1432
RD,All,E5INDDSL,2020,6.1599
RD,All,E5INDDSL,2021,7.012
RD,All,E5INDDSL,2022,6.5438
RD,All,E5INDDSL,2023,6.5246
RD,All,E5INDDSL,2024,6.7637
RD,All,E5INDDSL,2025,7.004
RD,All,E5INDDSL,2026,7.1579
RD,All,E5INDDSL,2027,7.3117
RD,All,E5INDDSL,2028,7.4655
RD,All,E5INDDSL,2029,7.619399999999999
RD,All,E5INDDSL,2030,7.7732
RD,All,E5INDDSL,2031,7.872899999999999
RD,All,E5INDDSL,2032,7.972699999999999
RD,All,E5INDDSL,2033,8.0724
RD,All,E5INDDSL,2034,8.1722
RD,All,E5INDDSL,2035,8.2719
RD,All,E5INDDSL,2036,8.3717
RD,All,E5INDDSL,2037,8.4714
RD,All,E5INDDSL,2038,8.571099999999998
RD,All,E5INDDSL,2039,8.670899999999998
RD,All,E5INDDSL,2040,8.7706
RD,All,E5INDDSL,2041,8.7272
RD,All,E5INDDSL,2042,8.683799999999998
RD,All,E5INDDSL,2043,8.640399999999998
RD,All,E5INDDSL,2044,8.596999999999998
RD,All,E5INDDSL,2045,8.553599999999998
RD,All,E5INDDSL,2046,8.510199999999998
RD,All,E5INDDSL,2047,8.4668
RD,All,E5INDDSL,2048,8.4234
RD,All,E5INDDSL,2049,8.3799
RD,All,E5INDDSL,2050,8.336500000000001
RD,All,E5INDGSL,2018,0.0008
RD,All,E5INDGSL,2019,0.0616
RD,All,E5INDGSL,2020,0.0568999999999999
RD,All,E5INDGSL,2021,0.0695999999999999
RD,All,E5INDGSL,2022,0.0860999999999999
RD,All,E5INDGSL,2023,0.0858
RD,All,E5INDGSL,2024,0.0889999999999999
RD,All,E5INDGSL,2025,0.0921
RD,All,E5INDGSL,2026,0.0942
RD,All,E5INDGSL,2027,0.0961999999999999
RD,All,E5INDGSL,2028,0.0981999999999999
RD,All,E5INDGSL,2029,0.1002
RD,All,E5INDGSL,2030,0.1022
RD,All,E5INDGSL,2031,0.1036
RD,All,E5INDGSL,2032,0.1048999999999999
RD,All,E5INDGSL,2033,0.1062
RD,All,E5INDGSL,2034,0.1075
RD,All,E5INDGSL,2035,0.1087999999999999
RD,All,E5INDGSL,2036,0.1101
RD,All,E5INDGSL,2037,0.1114
RD,All,E5INDGSL,2038,0.1126999999999999
RD,All,E5INDGSL,2039,0.1140999999999999
RD,All,E5INDGSL,2040,0.1154
RD,All,E5INDGSL,2041,0.1148
RD,All,E5INDGSL,2042,0.1142
RD,All,E5INDGSL,2043,0.1137
RD,All,E5INDGSL,2044,0.1131
RD,All,E5INDGSL,2045,0.1125
RD,All,E5INDGSL,2046,0.1119
RD,All,E5INDGSL,2047,0.1114
RD,All,E5INDGSL,2048,0.1108
RD,All,E5INDGSL,2049,0.1102
RD,All,E5INDGSL,2050,0.1097
RD,All,E5INDNGS,2018,3.833
RD,All,E5INDNGS,2019,4.0389
RD,All,E5INDNGS,2020,4.2252
RD,All,E5INDNGS,2021,3.3409
RD,All,E5INDNGS,2022,3.8788
RD,All,E5INDNGS,2023,3.8674
RD,All,E5INDNGS,2024,4.0091
RD,All,E5INDNGS,2025,4.1516
RD,All,E5INDNGS,2026,4.2427
RD,All,E5INDNGS,2027,4.3339
RD,All,E5INDNGS,2028,4.4251
RD,All,E5INDNGS,2029,4.5163
RD,All,E5INDNGS,2030,4.6075
RD,All,E5INDNGS,2031,4.6666
RD,All,E5INDNGS,2032,4.7257
RD,All,E5INDNGS,2033,4.7848
RD,All,E5INDNGS,2034,4.844
RD,All,E5INDNGS,2035,4.9031
RD,All,E5INDNGS,2036,4.9622
RD,All,E5INDNGS,2037,5.0213
RD,All,E5INDNGS,2038,5.0805
RD,All,E5INDNGS,2039,5.1396
RD,All,E5INDNGS,2040,5.1987
RD,All,E5INDNGS,2041,5.173
RD,All,E5INDNGS,2042,5.1472
RD,All,E5INDNGS,2043,5.1215
RD,All,E5INDNGS,2044,5.0958
RD,All,E5INDNGS,2045,5.07
RD,All,E5INDNGS,2046,5.0443
RD,All,E5INDNGS,2047,5.0186
RD,All,E5INDNGS,2048,4.9929
RD,All,E5INDNGS,2049,4.9671
RD,All,E5INDNGS,2050,4.9414
RD,All,E5INDLPG,2018,0.9533
RD,All,E5INDLPG,2019,2.3157
RD,All,E5INDLPG,2020,2.0353
RD,All,E5INDLPG,2021,2.2587
RD,All,E5INDLPG,2022,2.2356
RD,All,E5INDLPG,2023,2.2291
RD,All,E5INDLPG,2024,2.3107
RD,All,E5INDLPG,2025,2.3928
RD,All,E5INDLPG,2026,2.4454
RD,All,E5INDLPG,2027,2.4979
RD,All,E5INDLPG,2028,2.5505
RD,All,E5INDLPG,2029,2.6031
RD,All,E5INDLPG,2030,2.6556
RD,All,E5INDLPG,2031,2.6897
RD,All,E5INDLPG,2032,2.7238
RD,All,E5INDLPG,2033,2.7578
RD,All,E5INDLPG,2034,2.7919
RD,All,E5INDLPG,2035,2.826
RD,All,E5INDLPG,2036,2.8601
RD,All,E5INDLPG,2037,2.8941
RD,All,E5INDLPG,2038,2.9282
RD,All,E5INDLPG,2039,2.9623
RD,All,E5INDLPG,2040,2.9964
RD,All,E5INDLPG,2041,2.9815
RD,All,E5INDLPG,2042,2.9667
RD,All,E5INDLPG,2043,2.9519
RD,All,E5INDLPG,2044,2.9370000000000003
RD,All,E5INDLPG,2045,2.9222
RD,All,E5INDLPG,2046,2.9074
RD,All,E5INDLPG,2047,2.8926
RD,All,E5INDLPG,2048,2.8777
RD,All,E5INDLPG,2049,2.8629
RD,All,E5INDLPG,2050,2.8481
RD,All,E5INDELE,2018,25.359
RD,All,E5INDELE,2019,21.3382
RD,All,E5INDELE,2020,21.2647
RD,All,E5INDELE,2021,23.8229
RD,All,E5INDELE,2022,24.5182
RD,All,E5INDELE,2023,24.4463
RD,All,E5INDELE,2024,25.3421
RD,All,E5INDELE,2025,26.2425
RD,All,E5INDELE,2026,27.4374
RD,All,E5INDELE,2027,28.6322
RD,All,E5INDELE,2028,29.8271
RD,All,E5INDELE,2029,31.022
RD,All,E5INDELE,2030,32.2168
RD,All,E5INDELE,2031,33.5164
RD,All,E5INDELE,2032,34.816
RD,All,E5INDELE,2033,36.1156
RD,All,E5INDELE,2034,37.4152
RD,All,E5INDELE,2035,38.7149
RD,All,E5INDELE,2036,40.0145
RD,All,E5INDELE,2037,41.3141
RD,All,E5INDELE,2038,42.6137
RD,All,E5INDELE,2039,43.9133
RD,All,E5INDELE,2040,45.2129
RD,All,E5INDELE,2041,48.2258
RD,All,E5INDELE,2042,51.2387
RD,All,E5INDELE,2043,54.2516
RD,All,E5INDELE,2044,57.2645
RD,All,E5INDELE,2045,60.2775
RD,All,E5INDELE,2046,63.2904
RD,All,E5INDELE,2047,66.3033
RD,All,E5INDELE,2048,69.3162
RD,All,E5INDELE,2049,72.32909999999998
RD,All,E5INDELE,2050,75.342
RD,All,E5INDCOK,2018,7.9675
RD,All,E5INDCOK,2019,16.889
RD,All,E5INDCOK,2020,16.5041
RD,All,E5INDCOK,2021,18.6381
RD,All,E5INDCOK,2022,18.7909
RD,All,E5INDCOK,2023,18.7358
RD,All,E5INDCOK,2024,19.4224
RD,All,E5INDCOK,2025,20.1124
RD,All,E5INDCOK,2026,20.5542
RD,All,E5INDCOK,2027,20.9959
RD,All,E5INDCOK,2028,21.4377
RD,All,E5INDCOK,2029,21.8794
RD,All,E5INDCOK,2030,22.3212
RD,All,E5INDCOK,2031,22.6076
RD,All,E5INDCOK,2032,22.894
RD,All,E5INDCOK,2033,23.1804
RD,All,E5INDCOK,2034,23.4668
RD,All,E5INDCOK,2035,23.7532
RD,All,E5INDCOK,2036,24.0396
RD,All,E5INDCOK,2037,24.326
RD,All,E5INDCOK,2038,24.6124
RD,All,E5INDCOK,2039,24.8989
RD,All,E5INDCOK,2040,25.1853
RD,All,E5INDCOK,2041,25.0606
RD,All,E5INDCOK,2042,24.936
RD,All,E5INDCOK,2043,24.8113
RD,All,E5INDCOK,2044,24.6867
RD,All,E5INDCOK,2045,24.562
RD,All,E5INDCOK,2046,24.4374
RD,All,E5INDCOK,2047,24.3127
RD,All,E5INDCOK,2048,24.1881
RD,All,E5INDCOK,2049,24.0634
RD,All,E5INDCOK,2050,23.9388
RD,All,E5INDBIM,2018,11.4053
RD,All,E5INDBIM,2019,10.6126
RD,All,E5INDBIM,2020,9.969
RD,All,E5INDBIM,2021,9.3645
RD,All,E5INDBIM,2022,7.1027
RD,All,E5INDBIM,2023,7.2516
RD,All,E5INDBIM,2024,7.5971
RD,All,E5INDBIM,2025,7.948
RD,All,E5INDBIM,2026,8.3022
RD,All,E5INDBIM,2027,8.656499999999998
RD,All,E5INDBIM,2028,9.0108
RD,All,E5INDBIM,2029,9.3651
RD,All,E5INDBIM,2030,9.7193
RD,All,E5INDBIM,2031,10.06
RD,All,E5INDBIM,2032,10.4007
RD,All,E5INDBIM,2033,10.7413
RD,All,E5INDBIM,2034,11.082
RD,All,E5INDBIM,2035,11.4227
RD,All,E5INDBIM,2036,11.7633
RD,All,E5INDBIM,2037,12.104
RD,All,E5INDBIM,2038,12.4447
RD,All,E5INDBIM,2039,12.7853
RD,All,E5INDBIM,2040,13.126
RD,All,E5INDBIM,2041,13.3943
RD,All,E5INDBIM,2042,13.6627
RD,All,E5INDBIM,2043,13.931
RD,All,E5INDBIM,2044,14.1993
RD,All,E5INDBIM,2045,14.4677
RD,All,E5INDBIM,2046,14.736
RD,All,E5INDBIM,2047,15.0043
RD,All,E5INDBIM,2048,15.2727
RD,All,E5INDBIM,2049,15.541
RD,All,E5INDBIM,2050,15.8093
RD,All,E5INDCOA,2018,4.0524
RD,All,E5INDCOA,2019,3.9264
RD,All,E5INDCOA,2020,3.8062
RD,All,E5INDCOA,2021,3.6896
RD,All,E5INDCOA,2022,3.6896
RD,All,E5INDCOA,2023,3.6788
RD,All,E5INDCOA,2024,3.8136
RD,All,E5INDCOA,2025,3.9491
RD,All,E5INDCOA,2026,4.0358
RD,All,E5INDCOA,2027,4.1226
RD,All,E5INDCOA,2028,4.2093
RD,All,E5INDCOA,2029,4.296
RD,All,E5INDCOA,2030,4.3828
RD,All,E5INDCOA,2031,4.439
RD,All,E5INDCOA,2032,4.4952
RD,All,E5INDCOA,2033,4.5515
RD,All,E5INDCOA,2034,4.6077
RD,All,E5INDCOA,2035,4.664
RD,All,E5INDCOA,2036,4.7202
RD,All,E5INDCOA,2037,4.7764
RD,All,E5INDCOA,2038,4.8327
RD,All,E5INDCOA,2039,4.8889
RD,All,E5INDCOA,2040,4.9451
RD,All,E5INDCOA,2041,4.9207
RD,All,E5INDCOA,2042,4.8962
RD,All,E5INDCOA,2043,4.8717
RD,All,E5INDCOA,2044,4.8472
RD,All,E5INDCOA,2045,4.8228
RD,All,E5INDCOA,2046,4.7983
RD,All,E5INDCOA,2047,4.7738
RD,All,E5INDCOA,2048,4.7493
RD,All,E5INDCOA,2049,4.7249
RD,All,E5INDCOA,2050,4.7004
RD,All,E5INDFOI,2018,7.1088
RD,All,E5INDFOI,2019,9.7548
RD,All,E5INDFOI,2020,13.6813
RD,All,E5INDFOI,2021,16.0608
RD,All,E5INDFOI,2022,21.0417
RD,All,E5INDFOI,2023,20.9799
RD,All,E5INDFOI,2024,21.7487
RD,All,E5INDFOI,2025,22.5214
RD,All,E5INDFOI,2026,23.0161
RD,All,E5INDFOI,2027,23.5107
RD,All,E5INDFOI,2028,24.0054
RD,All,E5INDFOI,2029,24.5001
RD,All,E5INDFOI,2030,24.9947
RD,All,E5INDFOI,2031,25.3154
RD,All,E5INDFOI,2032,25.6361
RD,All,E5INDFOI,2033,25.9569
RD,All,E5INDFOI,2034,26.2776
RD,All,E5INDFOI,2035,26.5983
RD,All,E5INDFOI,2036,26.919
RD,All,E5INDFOI,2037,27.2397
RD,All,E5INDFOI,2038,27.5605
RD,All,E5INDFOI,2039,27.8812
RD,All,E5INDFOI,2040,28.2019
RD,All,E5INDFOI,2041,28.0623
RD,All,E5INDFOI,2042,27.9227
RD,All,E5INDFOI,2043,27.7832
RD,All,E5INDFOI,2044,27.6436
RD,All,E5INDFOI,2045,27.504
RD,All,E5INDFOI,2046,27.3644
RD,All,E5INDFOI,2047,27.2248
RD,All,E5INDFOI,2048,27.0853
RD,All,E5INDFOI,2049,26.9457
RD,All,E5INDFOI,2050,26.8061
RD,All,E5RESLPG,2018,22.1025
RD,All,E5RESLPG,2019,20.4866
RD,All,E5RESLPG,2020,18.0055
RD,All,E5RESLPG,2021,19.9817
RD,All,E5RESLPG,2022,19.7778
RD,All,E5RESLPG,2023,20.0699
RD,All,E5RESLPG,2024,20.9073
RD,All,E5RESLPG,2025,21.753
RD,All,E5RESLPG,2026,22.3341
RD,All,E5RESLPG,2027,22.9152
RD,All,E5RESLPG,2028,23.4963
RD,All,E5RESLPG,2029,24.0774
RD,All,E5RESLPG,2030,24.6585
RD,All,E5RESLPG,2031,25.0645
RD,All,E5RESLPG,2032,25.4706
RD,All,E5RESLPG,2033,25.8767
RD,All,E5RESLPG,2034,26.2827
RD,All,E5RESLPG,2035,26.6888
RD,All,E5RESLPG,2036,27.0949
RD,All,E5RESLPG,2037,27.5009
RD,All,E5RESLPG,2038,27.907
RD,All,E5RESLPG,2039,28.3131
RD,All,E5RESLPG,2040,28.7191
RD,All,E5RESLPG,2041,28.6313
RD,All,E5RESLPG,2042,28.5435
RD,All,E5RESLPG,2043,28.4557
RD,All,E5RESLPG,2044,28.3679
RD,All,E5RESLPG,2045,28.2801
RD,All,E5RESLPG,2046,28.1923
RD,All,E5RESLPG,2047,28.1045
RD,All,E5RESLPG,2048,28.0167
RD,All,E5RESLPG,2049,27.9289
RD,All,E5RESLPG,2050,27.8411
RD,All,E5RESELE,2018,18.4462
RD,All,E5RESELE,2019,19.0496
RD,All,E5RESELE,2020,18.984
RD,All,E5RESELE,2021,21.2678
RD,All,E5RESELE,2022,21.8885
RD,All,E5RESELE,2023,22.2117
RD,All,E5RESELE,2024,23.1385
RD,All,E5RESELE,2025,24.0745
RD,All,E5RESELE,2026,25.4426
RD,All,E5RESELE,2027,26.8107
RD,All,E5RESELE,2028,28.1788
RD,All,E5RESELE,2029,29.5469
RD,All,E5RESELE,2030,30.915
RD,All,E5RESELE,2031,31.9493
RD,All,E5RESELE,2032,32.9837
RD,All,E5RESELE,2033,34.018
RD,All,E5RESELE,2034,35.0524
RD,All,E5RESELE,2035,36.0868
RD,All,E5RESELE,2036,37.1211
RD,All,E5RESELE,2037,38.1555
RD,All,E5RESELE,2038,39.1898
RD,All,E5RESELE,2039,40.2242
RD,All,E5RESELE,2040,41.2586
RD,All,E5RESELE,2041,43.896
RD,All,E5RESELE,2042,46.5334
RD,All,E5RESELE,2043,49.1709
RD,All,E5RESELE,2044,51.8083
RD,All,E5RESELE,2045,54.4457
RD,All,E5RESELE,2046,57.0832
RD,All,E5RESELE,2047,59.7206
RD,All,E5RESELE,2048,62.358
RD,All,E5RESELE,2049,64.9954
RD,All,E5RESELE,2050,67.6329
RD,All,E5RESKER,2019,0.079
RD,All,E5RESKER,2020,0.3044
RD,All,E5RESKER,2021,0.3145999999999999
RD,All,E5RESKER,2022,0.4605
RD,All,E5RESKER,2023,0.4672999999999999
RD,All,E5RESKER,2024,0.4868
RD,All,E5RESKER,2025,0.5065
RD,All,E5RESKER,2026,0.52
RD,All,E5RESKER,2027,0.5335999999999999
RD,All,E5RESKER,2028,0.5471
RD,All,E5RESKER,2029,0.5605999999999999
RD,All,E5RESKER,2030,0.5742
RD,All,E5RESKER,2031,0.5836
RD,All,E5RESKER,2032,0.5930999999999998
RD,All,E5RESKER,2033,0.6025
RD,All,E5RESKER,2034,0.6119999999999999
RD,All,E5RESKER,2035,0.6214
RD,All,E5RESKER,2036,0.6309
RD,All,E5RESKER,2037,0.6402999999999999
RD,All,E5RESKER,2038,0.6498
RD,All,E5RESKER,2039,0.6592
RD,All,E5RESKER,2040,0.6686999999999999
RD,All,E5RESKER,2041,0.6666999999999998
RD,All,E5RESKER,2042,0.6645999999999999
RD,All,E5RESKER,2043,0.6625999999999999
RD,All,E5RESKER,2044,0.6604999999999999
RD,All,E5RESKER,2045,0.6584999999999999
RD,All,E5RESKER,2046,0.6563999999999999
RD,All,E5RESKER,2047,0.6543999999999999
RD,All,E5RESKER,2048,0.6522999999999999
RD,All,E5RESKER,2049,0.6502999999999999
RD,All,E5RESKER,2050,0.6482999999999999
RD,All,E5RESFIR,2018,12.4725
RD,All,E5RESFIR,2019,18.2841
RD,All,E5RESFIR,2020,18.5188
RD,All,E5RESFIR,2021,18.7517
RD,All,E5RESFIR,2022,18.9055
RD,All,E5RESFIR,2023,19.1846
RD,All,E5RESFIR,2024,19.9851
RD,All,E5RESFIR,2025,20.7936
RD,All,E5RESFIR,2026,21.349
RD,All,E5RESFIR,2027,21.9045
RD,All,E5RESFIR,2028,22.4599
RD,All,E5RESFIR,2029,23.0154
RD,All,E5RESFIR,2030,23.5709
RD,All,E5RESFIR,2031,23.959
RD,All,E5RESFIR,2032,24.3472
RD,All,E5RESFIR,2033,24.7353
RD,All,E5RESFIR,2034,25.1235
RD,All,E5RESFIR,2035,25.5116
RD,All,E5RESFIR,2036,25.8998
RD,All,E5RESFIR,2037,26.2879
RD,All,E5RESFIR,2038,26.6761
RD,All,E5RESFIR,2039,27.0643
RD,All,E5RESFIR,2040,27.4524
RD,All,E5RESFIR,2041,27.3685
RD,All,E5RESFIR,2042,27.2845
RD,All,E5RESFIR,2043,27.2006
RD,All,E5RESFIR,2044,27.1167
RD,All,E5RESFIR,2045,27.0327
RD,All,E5RESFIR,2046,26.9488
RD,All,E5RESFIR,2047,26.8649
RD,All,E5RESFIR,2048,26.7809
RD,All,E5RESFIR,2049,26.697
RD,All,E5RESFIR,2050,26.6131
RD,All,E5RESBIM,2018,0.0105
RD,All,E5CONGSL,2019,1.13628914368144
RD,All,E5CONGSL,2020,1.04961211649245
RD,All,E5CONGSL,2021,1.28449329081215
RD,All,E5CONGSL,2022,1.58796553155001
RD,All,E5CONGSL,2023,1.62125378644373
RD,All,E5CONGSL,2024,1.69848838057941
RD,All,E5CONGSL,2025,1.77693379620329
RD,All,E5CONGSL,2026,1.8519722098703
RD,All,E5CONGSL,2027,1.9289860252576496
RD,All,E5CONGSL,2028,2.01157511623361
RD,All,E5CONGSL,2029,2.09201114690529
RD,All,E5CONGSL,2030,2.17296367304576
RD,All,E5CONGSL,2031,2.24912699986342
RD,All,E5CONGSL,2032,2.32529032668107
RD,All,E5CONGSL,2033,2.4014536534987294
RD,All,E5CONGSL,2034,2.47761698031639
RD,All,E5CONGSL,2035,2.55378030713404
RD,All,E5CONGSL,2036,2.6299436339517
RD,All,E5CONGSL,2037,2.70610696076936
RD,All,E5CONGSL,2038,2.78227028758701
RD,All,E5CONGSL,2039,2.85843361440467
RD,All,E5CONGSL,2040,2.9345969412223294
RD,All,E5CONGSL,2041,2.9945885009736495
RD,All,E5CONGSL,2042,3.05458006072498
RD,All,E5CONGSL,2043,3.1145716204763
RD,All,E5CONGSL,2044,3.1745631802276306
RD,All,E5CONGSL,2045,3.2345547399789494
RD,All,E5CONGSL,2046,3.2945462997302695
RD,All,E5CONGSL,2047,3.3545378594816
RD,All,E5CONGSL,2048,3.41452941923292
RD,All,E5CONGSL,2049,3.4745209789842506
RD,All,E5CONGSL,2050,3.5345125387355703
RD,All,E5CONLPG,2019,0.6405833426331469
RD,All,E5CONLPG,2020,0.56300511947255
RD,All,E5CONLPG,2021,0.624798047024464
RD,All,E5CONLPG,2022,0.618421909155009
RD,All,E5CONLPG,2023,0.631385783832889
RD,All,E5CONLPG,2024,0.6614642485156699
RD,All,E5CONLPG,2025,0.6920142590358759
RD,All,E5CONLPG,2026,0.721237436817716
RD,All,E5CONLPG,2027,0.7512299207834519
RD,All,E5CONLPG,2028,0.783393656268864
RD,All,E5CONLPG,2029,0.814718897695408
RD,All,E5CONLPG,2030,0.8462452846175739
RD,All,E5CONLPG,2031,0.8759065518443229
RD,All,E5CONLPG,2032,0.9055678190710728
RD,All,E5CONLPG,2033,0.935229086297822
RD,All,E5CONLPG,2034,0.964890353524572
RD,All,E5CONLPG,2035,0.9945516207513208
RD,All,E5CONLPG,2036,1.02421288797807
RD,All,E5CONLPG,2037,1.05387415520482
RD,All,E5CONLPG,2038,1.08353542243157
RD,All,E5CONLPG,2039,1.11319668965832
RD,All,E5CONLPG,2040,1.14285795688507
RD,All,E5CONLPG,2041,1.16622124417153
RD,All,E5CONLPG,2042,1.18958453145799
RD,All,E5CONLPG,2043,1.21294781874445
RD,All,E5CONLPG,2044,1.23631110603091
RD,All,E5CONLPG,2045,1.25967439331737
RD,All,E5CONLPG,2046,1.28303768060383
RD,All,E5CONLPG,2047,1.3064009678903
RD,All,E5CONLPG,2048,1.32976425517676
RD,All,E5CONLPG,2049,1.35312754246322
RD,All,E5CONLPG,2050,1.37649082974968
RD,All,E5EXPNGS,2018,1.20513264309872
RD,All,E5EXPNGS,2019,1.51146810515105
RD,All,E5EXPNGS,2020,2.31375944593506
RD,All,E5EXPNGS,2021,2.11672451505305
RD,All,E5EXPNGS,2022,1.51495229036644
RD,All,E5EXPNGS,2023,1.55071449183593
RD,All,E5EXPNGS,2024,1.6091647937162898
RD,All,E5EXPNGS,2025,1.66796780383425
RD,All,E5EXPNGS,2026,1.72369845378425
RD,All,E5EXPNGS,2027,1.78041235387941
RD,All,E5EXPNGS,2028,1.8407249817547904
RD,All,E5EXPNGS,2029,1.89896175859391
RD,All,E5EXPNGS,2030,1.95710197955689
RD,All,E5EXPNGS,2031,2.0098133100878695
RD,All,E5EXPNGS,2032,2.06252464061885
RD,All,E5EXPNGS,2033,2.11523597114984
RD,All,E5EXPNGS,2034,2.16794730168082
RD,All,E5EXPNGS,2035,2.22065863221181
RD,All,E5EXPNGS,2036,2.27336996274279
RD,All,E5EXPNGS,2037,2.32608129327377
RD,All,E5EXPNGS,2038,2.37879262380476
RD,All,E5EXPNGS,2039,2.43150395433574
RD,All,E5EXPNGS,2040,2.48421528486673
RD,All,E5EXPNGS,2041,2.52368625425277
RD,All,E5EXPNGS,2042,2.56315722363881
RD,All,E5EXPNGS,2043,2.60262819302485
RD,All,E5EXPNGS,2044,2.64209916241089
RD,All,E5EXPNGS,2045,2.68157013179693
RD,All,E5EXPNGS,2046,2.72104110118297
RD,All,E5EXPNGS,2047,2.76051207056901
RD,All,E5EXPNGS,2048,2.79998303995505
RD,All,E5EXPNGS,2049,2.83945400934109
RD,All,E5EXPNGS,2050,2.87892497872713
RD,All,E5EXPKER,2018,23.4833132997724
RD,All,E5EXPKER,2019,22.338178932622
RD,All,E5EXPKER,2020,9.14578942146311
RD,All,E5EXPKER,2021,15.656019248413
RD,All,E5EXPKER,2022,22.0451203199469
RD,All,E5EXPKER,2023,22.565520889202
RD,All,E5EXPKER,2024,23.4160717256103
RD,All,E5EXPKER,2025,24.2717550639364
RD,All,E5EXPKER,2026,25.082730360960095
RD,All,E5EXPKER,2027,25.908013612031095
RD,All,E5EXPKER,2028,26.7856644441926
RD,All,E5EXPKER,2029,27.6331081297979
RD,All,E5EXPKER,2030,28.4791467639565
RD,All,E5EXPKER,2031,29.246185852361705
RD,All,E5EXPKER,2032,30.0132249407669
RD,All,E5EXPKER,2033,30.780264029172095
RD,All,E5EXPKER,2034,31.5473031175773
RD,All,E5EXPKER,2035,32.3143422059825
RD,All,E5EXPKER,2036,33.0813812943877
RD,All,E5EXPKER,2037,33.8484203827929
RD,All,E5EXPKER,2038,34.6154594711981
RD,All,E5EXPKER,2039,35.3824985596033
RD,All,E5EXPKER,2040,36.1495376480085
RD,All,E5EXPKER,2041,36.7239070686123
RD,All,E5EXPKER,2042,37.2982764892161
RD,All,E5EXPKER,2043,37.87264590982
RD,All,E5EXPKER,2044,38.4470153304238
RD,All,E5EXPKER,2045,39.0213847510276
RD,All,E5EXPKER,2046,39.5957541716314
RD,All,E5EXPKER,2047,40.1701235922352
RD,All,E5EXPKER,2048,40.7444930128391
RD,All,E5EXPKER,2049,41.318862433442895
RD,All,E5EXPKER,2050,41.8932318540467
RD,All,E5EXPBIM,2018,0.1033307235457399
RD,All,E5EXPBIM,2019,0.1033
RD,All,E5EXPBIM,2020,0.1033
RD,All,E5EXPBIM,2021,0.1033
RD,All,E5EXPBIM,2022,0.1033
RD,All,E5EXPBIM,2023,0.1033
RD,All,E5EXPBIM,2024,0.1033
RD,All,E5EXPBIM,2025,0.1033
RD,All,E5EXPBIM,2026,0.1033
RD,All,E5EXPBIM,2027,0.1033
RD,All,E5EXPBIM,2028,0.1033
RD,All,E5EXPBIM,2029,0.1033
RD,All,E5EXPBIM,2030,0.1033
RD,All,E5EXPBIM,2031,0.1033
RD,All,E5EXPBIM,2032,0.1033
RD,All,E5EXPBIM,2033,0.1033
RD,All,E5EXPBIM,2034,0.1033
RD,All,E5EXPBIM,2035,0.1033
RD,All,E5EXPBIM,2036,0.1033
RD,All,E5EXPBIM,2037,0.1033
RD,All,E5EXPBIM,2038,0.1033
RD,All,E5EXPBIM,2039,0.1033
RD,All,E5EXPBIM,2040,0.1033
RD,All,E5EXPBIM,2041,0.1033
RD,All,E5EXPBIM,2042,0.1033
RD,All,E5EXPBIM,2043,0.1033
RD,All,E5EXPBIM,2044,0.1033
RD,All,E5EXPBIM,2045,0.1033
RD,All,E5EXPBIM,2046,0.1033
RD,All,E5EXPBIM,2047,0.1033
RD,All,E5EXPBIM,2048,0.1033
RD,All,E5EXPBIM,2049,0.1033
RD,All,E5EXPBIM,2050,0.1033
RD,All,E5AGRDSL,2018,2.8724
RD,All,E5AGRDSL,2019,3.3084
RD,All,E5AGRDSL,2020,2.853
RD,All,E5AGRDSL,2021,3.2476
RD,All,E5AGRDSL,2022,3.0308
RD,All,E5AGRDSL,2023,3.1951
RD,All,E5AGRDSL,2024,3.3115
RD,All,E5AGRDSL,2025,3.4285
RD,All,E5AGRDSL,2026,3.5031
RD,All,E5AGRDSL,2027,3.5777
RD,All,E5AGRDSL,2028,3.6523
RD,All,E5AGRDSL,2029,3.7269
RD,All,E5AGRDSL,2030,3.8016
RD,All,E5AGRDSL,2031,3.8498
RD,All,E5AGRDSL,2032,3.898
RD,All,E5AGRDSL,2033,3.9462
RD,All,E5AGRDSL,2034,3.9944
RD,All,E5AGRDSL,2035,4.0426
RD,All,E5AGRDSL,2036,4.0908
RD,All,E5AGRDSL,2037,4.139
RD,All,E5AGRDSL,2038,4.1872
RD,All,E5AGRDSL,2039,4.2354
RD,All,E5AGRDSL,2040,4.2836
RD,All,E5AGRDSL,2041,4.2620000000000005
RD,All,E5AGRDSL,2042,4.2405
RD,All,E5AGRDSL,2043,4.219
RD,All,E5AGRDSL,2044,4.1974
RD,All,E5AGRDSL,2045,4.1759
RD,All,E5AGRDSL,2046,4.1543
RD,All,E5AGRDSL,2047,4.1328
RD,All,E5AGRDSL,2048,4.1113
RD,All,E5AGRDSL,2049,4.0897
RD,All,E5AGRDSL,2050,4.0682
RD,All,E5AGRELE,2018,3.9347
RD,All,E5AGRELE,2019,4.031
RD,All,E5AGRELE,2020,4.0171
RD,All,E5AGRELE,2021,4.5004
RD,All,E5AGRELE,2022,4.6317
RD,All,E5AGRELE,2023,4.8828
RD,All,E5AGRELE,2024,5.0607
RD,All,E5AGRELE,2025,5.2394
RD,All,E5AGRELE,2026,5.4547
RD,All,E5AGRELE,2027,5.6699
RD,All,E5AGRELE,2028,5.8851
RD,All,E5AGRELE,2029,6.1003
RD,All,E5AGRELE,2030,6.3155
RD,All,E5AGRELE,2031,6.5297
RD,All,E5AGRELE,2032,6.7439
RD,All,E5AGRELE,2033,6.9581
RD,All,E5AGRELE,2034,7.1722
RD,All,E5AGRELE,2035,7.3864
RD,All,E5AGRELE,2036,7.6006
RD,All,E5AGRELE,2037,7.8148
RD,All,E5AGRELE,2038,8.029
RD,All,E5AGRELE,2039,8.2432
RD,All,E5AGRELE,2040,8.4574
RD,All,E5AGRELE,2041,8.6742
RD,All,E5AGRELE,2042,8.8909
RD,All,E5AGRELE,2043,9.1077
RD,All,E5AGRELE,2044,9.3245
RD,All,E5AGRELE,2045,9.541200000000002
RD,All,E5AGRELE,2046,9.758
RD,All,E5AGRELE,2047,9.9747
RD,All,E5AGRELE,2048,10.1915
RD,All,E5AGRELE,2049,10.4083
RD,All,E5AGRELE,2050,10.625
RD,All,E5AGRSGC,2018,2761.0
RD,All,E5AGRSGC,2019,2783.0
RD,All,E5AGRSGC,2020,2784.0
RD,All,E5AGRSGC,2021,2688.0
RD,All,E5AGRSGC,2022,2688.0
RD,All,E5AGRSGC,2023,2834.0
RD,All,E5AGRSGC,2024,2923.0
RD,All,E5AGRSGC,2025,2906.6158
RD,All,E5AGRSGC,2026,2891.3238
RD,All,E5AGRSGC,2027,2875.6678
RD,All,E5AGRSGC,2028,2859.2836
RD,All,E5AGRSGC,2029,2843.4455
RD,All,E5AGRSGC,2030,2827.7894
RD,All,E5AGRSGC,2031,2813.5898
RD,All,E5AGRSGC,2032,2799.2081
RD,All,E5AGRSGC,2033,2784.6443
RD,All,E5AGRSGC,2034,2769.7164
RD,All,E5AGRSGC,2035,2754.4245
RD,All,E5AGRSGC,2036,2741.6812
RD,All,E5AGRSGC,2037,2728.7559
RD,All,E5AGRSGC,2038,2715.6485
RD,All,E5AGRSGC,2039,2702.3591
RD,All,E5AGRSGC,2040,2688.8876
RD,All,E5AGRSGC,2041,2677.9648
RD,All,E5AGRSGC,2042,2666.8599
RD,All,E5AGRSGC,2043,2655.755
RD,All,E5AGRSGC,2044,2644.4681
RD,All,E5AGRSGC,2045,2632.9992
RD,All,E5AGRSGC,2046,2624.2609
RD,All,E5AGRSGC,2047,2615.3406
RD,All,E5AGRSGC,2048,2606.2383
RD,All,E5AGRSGC,2049,2597.318
RD,All,E5AGRSGC,2050,2588.0336
RD,All,E5AGRRIC,2018,0.5999999999999999
RD,All,E5AGRRIC,2019,0.622
RD,All,E5AGRRIC,2020,0.654
RD,All,E5AGRRIC,2021,0.683
RD,All,E5AGRRIC,2022,0.5939999999999999
RD,All,E5AGRRIC,2023,0.626
RD,All,E5AGRRIC,2024,0.646
RD,All,E5AGRRIC,2025,0.6431
RD,All,E5AGRRIC,2026,0.6402999999999999
RD,All,E5AGRRIC,2027,0.6373999999999999
RD,All,E5AGRRIC,2028,0.6346
RD,All,E5AGRRIC,2029,0.6317
RD,All,E5AGRRIC,2030,0.6288
RD,All,E5AGRRIC,2031,0.626
RD,All,E5AGRRIC,2032,0.6230999999999999
RD,All,E5AGRRIC,2033,0.6202999999999999
RD,All,E5AGRRIC,2034,0.6174
RD,All,E5AGRRIC,2035,0.6145
RD,All,E5AGRRIC,2036,0.6117
RD,All,E5AGRRIC,2037,0.6088
RD,All,E5AGRRIC,2038,0.6058999999999999
RD,All,E5AGRRIC,2039,0.6030999999999999
RD,All,E5AGRRIC,2040,0.6001999999999998
RD,All,E5AGRRIC,2041,0.5974
RD,All,E5AGRRIC,2042,0.5945
RD,All,E5AGRRIC,2043,0.5916
RD,All,E5AGRRIC,2044,0.5887999999999999
RD,All,E5AGRRIC,2045,0.5858999999999999
RD,All,E5AGRRIC,2046,0.5831
RD,All,E5AGRRIC,2047,0.5802
RD,All,E5AGRRIC,2048,0.5773
RD,All,E5AGRRIC,2049,0.5745
RD,All,E5AGRRIC,2050,0.5716
RD,All,E5AGRCER,2018,1.931
RD,All,E5AGRCER,2019,2.036
RD,All,E5AGRCER,2020,1.893
RD,All,E5AGRCER,2021,2.035
RD,All,E5AGRCER,2022,2.044
RD,All,E5AGRCER,2023,2.155
RD,All,E5AGRCER,2024,2.223
RD,All,E5AGRCER,2025,2.2132
RD,All,E5AGRCER,2026,2.2033
RD,All,E5AGRCER,2027,2.1935
RD,All,E5AGRCER,2028,2.1837
RD,All,E5AGRCER,2029,2.1739
RD,All,E5AGRCER,2030,2.164
RD,All,E5AGRCER,2031,2.1542
RD,All,E5AGRCER,2032,2.1444
RD,All,E5AGRCER,2033,2.1346
RD,All,E5AGRCER,2034,2.1247
RD,All,E5AGRCER,2035,2.1149
RD,All,E5AGRCER,2036,2.1051
RD,All,E5AGRCER,2037,2.0953
RD,All,E5AGRCER,2038,2.0854
RD,All,E5AGRCER,2039,2.0756
RD,All,E5AGRCER,2040,2.0658
RD,All,E5AGRCER,2041,2.056
RD,All,E5AGRCER,2042,2.0461
RD,All,E5AGRCER,2043,2.0363
RD,All,E5AGRCER,2044,2.0265
RD,All,E5AGRCER,2045,2.0166
RD,All,E5AGRCER,2046,2.0068
RD,All,E5AGRCER,2047,1.997
RD,All,E5AGRCER,2048,1.9872
RD,All,E5AGRCER,2049,1.9773
RD,All,E5AGRCER,2050,1.9675
RD,All,E5AGRBAN,2018,0.019
RD,All,E5AGRBAN,2019,0.0219999999999999
RD,All,E5AGRBAN,2020,0.979
RD,All,E5AGRBAN,2021,0.781
RD,All,E5AGRBAN,2022,0.794
RD,All,E5AGRBAN,2023,0.8369999999999999
RD,All,E5AGRBAN,2024,0.8639999999999999
RD,All,E5AGRBAN,2025,0.8601999999999999
RD,All,E5AGRBAN,2026,0.8563
RD,All,E5AGRBAN,2027,0.8525
RD,All,E5AGRBAN,2028,0.8487
RD,All,E5AGRBAN,2029,0.8448999999999999
RD,All,E5AGRBAN,2030,0.8409999999999999
RD,All,E5AGRBAN,2031,0.8372
RD,All,E5AGRBAN,2032,0.8334
RD,All,E5AGRBAN,2033,0.8296
RD,All,E5AGRBAN,2034,0.8256999999999999
RD,All,E5AGRBAN,2035,0.8218999999999999
RD,All,E5AGRBAN,2036,0.8181
RD,All,E5AGRBAN,2037,0.8143
RD,All,E5AGRBAN,2038,0.8104
RD,All,E5AGRBAN,2039,0.8065999999999999
RD,All,E5AGRBAN,2040,0.8027999999999998
RD,All,E5AGRBAN,2041,0.7989
RD,All,E5AGRBAN,2042,0.7951
RD,All,E5AGRBAN,2043,0.7913
RD,All,E5AGRBAN,2044,0.7874999999999999
RD,All,E5AGRBAN,2045,0.7835999999999999
RD,All,E5AGRBAN,2046,0.7798
RD,All,E5AGRBAN,2047,0.776
RD,All,E5AGRBAN,2048,0.7722
RD,All,E5AGRBAN,2049,0.7682999999999999
RD,All,E5AGRBAN,2050,0.7644999999999998
RD,All,E5AGRTRVEG,2018,0.395
RD,All,E5AGRTRVEG,2019,0.33
RD,All,E5AGRTRVEG,2020,0.265
RD,All,E5AGRTRVEG,2021,0.265
RD,All,E5AGRTRVEG,2022,0.327
RD,All,E5AGRTRVEG,2023,0.3449999999999999
RD,All,E5AGRTRVEG,2024,0.3559999999999999
RD,All,E5AGRTRVEG,2025,0.3543999999999999
RD,All,E5AGRTRVEG,2026,0.3528999999999999
RD,All,E5AGRTRVEG,2027,0.3513
RD,All,E5AGRTRVEG,2028,0.3497
RD,All,E5AGRTRVEG,2029,0.3481
RD,All,E5AGRTRVEG,2030,0.3466
RD,All,E5AGRTRVEG,2031,0.3449999999999999
RD,All,E5AGRTRVEG,2032,0.3433999999999999
RD,All,E5AGRTRVEG,2033,0.3418999999999999
RD,All,E5AGRTRVEG,2034,0.3402999999999999
RD,All,E5AGRTRVEG,2035,0.3387
RD,All,E5AGRTRVEG,2036,0.3371
RD,All,E5AGRTRVEG,2037,0.3356
RD,All,E5AGRTRVEG,2038,0.334
RD,All,E5AGRTRVEG,2039,0.3323999999999999
RD,All,E5AGRTRVEG,2040,0.3309
RD,All,E5AGRTRVEG,2041,0.3292999999999999
RD,All,E5AGRTRVEG,2042,0.3276999999999999
RD,All,E5AGRTRVEG,2043,0.3261
RD,All,E5AGRTRVEG,2044,0.3246
RD,All,E5AGRTRVEG,2045,0.323
RD,All,E5AGRTRVEG,2046,0.3214
RD,All,E5AGRTRVEG,2047,0.3199
RD,All,E5AGRTRVEG,2048,0.3183
RD,All,E5AGRTRVEG,2049,0.3166999999999999
RD,All,E5AGRTRVEG,2050,0.3151999999999999
RD,All,E5AGRCAF,2018,0.02
RD,All,E5AGRCAF,2019,0.027
RD,All,E5AGRCAF,2020,0.025
RD,All,E5AGRCAF,2021,0.0219999999999999
RD,All,E5AGRCAF,2022,0.0219999999999999
RD,All,E5AGRCAF,2023,0.023
RD,All,E5AGRCAF,2024,0.024
RD,All,E5AGRCAF,2025,0.0239
RD,All,E5AGRCAF,2026,0.0238
RD,All,E5AGRCAF,2027,0.0236999999999999
RD,All,E5AGRCAF,2028,0.0235999999999999
RD,All,E5AGRCAF,2029,0.0235
RD,All,E5AGRCAF,2030,0.0234
RD,All,E5AGRCAF,2031,0.0231999999999999
RD,All,E5AGRCAF,2032,0.0230999999999999
RD,All,E5AGRCAF,2033,0.023
RD,All,E5AGRCAF,2034,0.0229
RD,All,E5AGRCAF,2035,0.0228
RD,All,E5AGRCAF,2036,0.0227
RD,All,E5AGRCAF,2037,0.0225999999999999
RD,All,E5AGRCAF,2038,0.0224999999999999
RD,All,E5AGRCAF,2039,0.0224
RD,All,E5AGRCAF,2040,0.0223
RD,All,E5AGRCAF,2041,0.0222
RD,All,E5AGRCAF,2042,0.0221
RD,All,E5AGRCAF,2043,0.0218999999999999
RD,All,E5AGRCAF,2044,0.0218
RD,All,E5AGRCAF,2045,0.0217
RD,All,E5AGRCAF,2046,0.0216
RD,All,E5AGRCAF,2047,0.0214999999999999
RD,All,E5AGRCAF,2048,0.0213999999999999
RD,All,E5AGRCAF,2049,0.0212999999999999
RD,All,E5AGRCAF,2050,0.0212
RD,All,E5AGRCOC,2018,0.094
RD,All,E5AGRCOC,2019,0.0929999999999999
RD,All,E5AGRCOC,2020,0.1029999999999999
RD,All,E5AGRCOC,2021,0.1189999999999999
RD,All,E5AGRCOC,2022,0.135
RD,All,E5AGRCOC,2023,0.1419999999999999
RD,All,E5AGRCOC,2024,0.1469999999999999
RD,All,E5AGRCOC,2025,0.1463
RD,All,E5AGRCOC,2026,0.1457
RD,All,E5AGRCOC,2027,0.1449999999999999
RD,All,E5AGRCOC,2028,0.1444
RD,All,E5AGRCOC,2029,0.1436999999999999
RD,All,E5AGRCOC,2030,0.1429999999999999
RD,All,E5AGRCOC,2031,0.1424
RD,All,E5AGRCOC,2032,0.1416999999999999
RD,All,E5AGRCOC,2033,0.1411
RD,All,E5AGRCOC,2034,0.1404
RD,All,E5AGRCOC,2035,0.1396999999999999
RD,All,E5AGRCOC,2036,0.1391
RD,All,E5AGRCOC,2037,0.1384
RD,All,E5AGRCOC,2038,0.1378
RD,All,E5AGRCOC,2039,0.1371
RD,All,E5AGRCOC,2040,0.1365
RD,All,E5AGRCOC,2041,0.1358
RD,All,E5AGRCOC,2042,0.1351
RD,All,E5AGRCOC,2043,0.1345
RD,All,E5AGRCOC,2044,0.1338
RD,All,E5AGRCOC,2045,0.1332
RD,All,E5AGRCOC,2046,0.1325
RD,All,E5AGRCOC,2047,0.1318
RD,All,E5AGRCOC,2048,0.1312
RD,All,E5AGRCOC,2049,0.1305
RD,All,E5AGRCOC,2050,0.1298999999999999
RD,All,E5AGRLEG,2018,0.508
RD,All,E5AGRLEG,2019,0.496
RD,All,E5AGRLEG,2020,0.4899999999999999
RD,All,E5AGRLEG,2021,0.4879999999999999
RD,All,E5AGRLEG,2022,0.502
RD,All,E5AGRLEG,2023,0.529
RD,All,E5AGRLEG,2024,0.546
RD,All,E5AGRLEG,2025,0.5435999999999999
RD,All,E5AGRLEG,2026,0.5412
RD,All,E5AGRLEG,2027,0.5388
RD,All,E5AGRLEG,2028,0.5363999999999999
RD,All,E5AGRLEG,2029,0.534
RD,All,E5AGRLEG,2030,0.5315999999999999
RD,All,E5AGRLEG,2031,0.5292
RD,All,E5AGRLEG,2032,0.5268
RD,All,E5AGRLEG,2033,0.5243999999999999
RD,All,E5AGRLEG,2034,0.522
RD,All,E5AGRLEG,2035,0.5196
RD,All,E5AGRLEG,2036,0.5171999999999999
RD,All,E5AGRLEG,2037,0.5148
RD,All,E5AGRLEG,2038,0.5123999999999999
RD,All,E5AGRLEG,2039,0.51
RD,All,E5AGRLEG,2040,0.5076
RD,All,E5AGRLEG,2041,0.5051999999999999
RD,All,E5AGRLEG,2042,0.5028
RD,All,E5AGRLEG,2043,0.5003999999999998
RD,All,E5AGRLEG,2044,0.498
RD,All,E5AGRLEG,2045,0.4955999999999999
RD,All,E5AGRLEG,2046,0.4932
RD,All,E5AGRLEG,2047,0.4908
RD,All,E5AGRLEG,2048,0.4884
RD,All,E5AGRLEG,2049,0.4859999999999999
RD,All,E5AGRLEG,2050,0.4835999999999999
RD,All,E5AGRROT,2018,0.4149999999999999
RD,All,E5AGRROT,2019,0.439
RD,All,E5AGRROT,2020,0.4739999999999999
RD,All,E5AGRROT,2021,0.462
RD,All,E5AGRROT,2022,0.4809999999999999
RD,All,E5AGRROT,2023,0.507
RD,All,E5AGRROT,2024,0.523
RD,All,E5AGRROT,2025,0.5207
RD,All,E5AGRROT,2026,0.5182999999999999
RD,All,E5AGRROT,2027,0.516
RD,All,E5AGRROT,2028,0.5137
RD,All,E5AGRROT,2029,0.5112999999999999
RD,All,E5AGRROT,2030,0.509
RD,All,E5AGRROT,2031,0.5067
RD,All,E5AGRROT,2032,0.5043999999999998
RD,All,E5AGRROT,2033,0.502
RD,All,E5AGRROT,2034,0.4996999999999999
RD,All,E5AGRROT,2035,0.4974
RD,All,E5AGRROT,2036,0.495
RD,All,E5AGRROT,2037,0.4927
RD,All,E5AGRROT,2038,0.4904
RD,All,E5AGRROT,2039,0.4879999999999999
RD,All,E5AGRROT,2040,0.4857
RD,All,E5AGRROT,2041,0.4834
RD,All,E5AGRROT,2042,0.4809999999999999
RD,All,E5AGRROT,2043,0.4787
RD,All,E5AGRROT,2044,0.4763999999999999
RD,All,E5AGRROT,2045,0.4741
RD,All,E5AGRROT,2046,0.4717
RD,All,E5AGRROT,2047,0.4693999999999999
RD,All,E5AGRROT,2048,0.4671
RD,All,E5AGRROT,2049,0.4647
RD,All,E5AGRROT,2050,0.4623999999999999
RD,All,E5AGRFRT,2018,0.2921
RD,All,E5AGRFRT,2019,0.2323
RD,All,E5AGRFRT,2020,0.2781
RD,All,E5AGRFRT,2021,0.2964
RD,All,E5AGRFRT,2022,1.0568
RD,All,E5AGRFRT,2023,1.1141
RD,All,E5AGRFRT,2024,1.1493
RD,All,E5AGRFRT,2025,1.1442
RD,All,E5AGRFRT,2026,1.1391
RD,All,E5AGRFRT,2027,1.1341
RD,All,E5AGRFRT,2028,1.129
RD,All,E5AGRFRT,2029,1.1239
RD,All,E5AGRFRT,2030,1.1188
RD,All,E5AGRFRT,2031,1.1138
RD,All,E5AGRFRT,2032,1.1087
RD,All,E5AGRFRT,2033,1.1036
RD,All,E5AGRFRT,2034,1.0985
RD,All,E5AGRFRT,2035,1.0935
RD,All,E5AGRFRT,2036,1.0884
RD,All,E5AGRFRT,2037,1.0833
RD,All,E5AGRFRT,2038,1.0782
RD,All,E5AGRFRT,2039,1.0732
RD,All,E5AGRFRT,2040,1.0681
RD,All,E5AGRFRT,2041,1.063
RD,All,E5AGRFRT,2042,1.0579
RD,All,E5AGRFRT,2043,1.0529
RD,All,E5AGRFRT,2044,1.0478
RD,All,E5AGRFRT,2045,1.0427
RD,All,E5AGRFRT,2046,1.0376
RD,All,E5AGRFRT,2047,1.0326
RD,All,E5AGRFRT,2048,1.0275
RD,All,E5AGRFRT,2049,1.0224
RD,All,E5AGRFRT,2050,1.0173
RD,All,E5AGROTP,2018,2602.0
RD,All,E5AGROTP,2019,2645.0
RD,All,E5AGROTP,2020,2573.0
RD,All,E5AGROTP,2021,2225.0
RD,All,E5AGROTP,2022,1.9836
RD,All,E5AGROTP,2023,2.0911
RD,All,E5AGROTP,2024,2.1571
RD,All,E5AGROTP,2025,2.1476
RD,All,E5AGROTP,2026,2.1381
RD,All,E5AGROTP,2027,2.1285
RD,All,E5AGROTP,2028,2.119
RD,All,E5AGROTP,2029,2.1095
RD,All,E5AGROTP,2030,2.1
RD,All,E5AGROTP,2031,2.0904
RD,All,E5AGROTP,2032,2.0809
RD,All,E5AGROTP,2033,2.0714
RD,All,E5AGROTP,2034,2.0619
RD,All,E5AGROTP,2035,2.0523
RD,All,E5AGROTP,2036,2.0428
RD,All,E5AGROTP,2037,2.0333
RD,All,E5AGROTP,2038,2.0238
RD,All,E5AGROTP,2039,2.0142
RD,All,E5AGROTP,2040,2.0047
RD,All,E5AGROTP,2041,1.9952
RD,All,E5AGROTP,2042,1.9857
RD,All,E5AGROTP,2043,1.9761
RD,All,E5AGROTP,2044,1.9666
RD,All,E5AGROTP,2045,1.9571
RD,All,E5AGROTP,2046,1.9476
RD,All,E5AGROTP,2047,1.9381
RD,All,E5AGROTP,2048,1.9285
RD,All,E5AGROTP,2049,1.919
RD,All,E5AGROTP,2050,1.9095
RD,All,E5GANLEC,2018,0.397
RD,All,E5GANLEC,2019,0.402
RD,All,E5GANLEC,2020,0.399
RD,All,E5GANLEC,2021,0.406
RD,All,E5GANLEC,2022,0.4109999999999999
RD,All,E5GANLEC,2023,0.4179999999999999
RD,All,E5GANLEC,2024,0.4249999999999999
RD,All,E5GANLEC,2025,0.4331999999999999
RD,All,E5GANLEC,2026,0.4415
RD,All,E5GANLEC,2027,0.4496999999999999
RD,All,E5GANLEC,2028,0.458
RD,All,E5GANLEC,2029,0.4662
RD,All,E5GANLEC,2030,0.4743999999999999
RD,All,E5GANLEC,2031,0.4827
RD,All,E5GANLEC,2032,0.4909
RD,All,E5GANLEC,2033,0.4991999999999999
RD,All,E5GANLEC,2034,0.5073999999999999
RD,All,E5GANLEC,2035,0.5156
RD,All,E5GANLEC,2036,0.5239
RD,All,E5GANLEC,2037,0.5321
RD,All,E5GANLEC,2038,0.5403999999999999
RD,All,E5GANLEC,2039,0.5485999999999999
RD,All,E5GANLEC,2040,0.5567999999999999
RD,All,E5GANLEC,2041,0.5651
RD,All,E5GANLEC,2042,0.5733
RD,All,E5GANLEC,2043,0.5816
RD,All,E5GANLEC,2044,0.5897999999999999
RD,All,E5GANLEC,2045,0.5979999999999999
RD,All,E5GANLEC,2046,0.6063
RD,All,E5GANLEC,2047,0.6145
RD,All,E5GANLEC,2048,0.6227
RD,All,E5GANLEC,2049,0.631
RD,All,E5GANLEC,2050,0.6391999999999999
RD,All,E5GANCARAVI,2018,0.0293
RD,All,E5GANCARAVI,2019,0.0393999999999999
RD,All,E5GANCARAVI,2020,0.0434
RD,All,E5GANCARAVI,2021,0.0497
RD,All,E5GANCARAVI,2022,0.0502999999999999
RD,All,E5GANCARAVI,2023,0.0511
RD,All,E5GANCARAVI,2024,0.0519999999999999
RD,All,E5GANCARAVI,2025,0.0529999999999999
RD,All,E5GANCARAVI,2026,0.0539999999999999
RD,All,E5GANCARAVI,2027,0.055
RD,All,E5GANCARAVI,2028,0.056
RD,All,E5GANCARAVI,2029,0.057
RD,All,E5GANCARAVI,2030,0.058
RD,All,E5GANCARAVI,2031,0.0589999999999999
RD,All,E5GANCARAVI,2032,0.0601
RD,All,E5GANCARAVI,2033,0.0611
RD,All,E5GANCARAVI,2034,0.0621
RD,All,E5GANCARAVI,2035,0.0631
RD,All,E5GANCARAVI,2036,0.0641
RD,All,E5GANCARAVI,2037,0.0651
RD,All,E5GANCARAVI,2038,0.0661
RD,All,E5GANCARAVI,2039,0.0671
RD,All,E5GANCARAVI,2040,0.0680999999999999
RD,All,E5GANCARAVI,2041,0.0690999999999999
RD,All,E5GANCARAVI,2042,0.0700999999999999
RD,All,E5GANCARAVI,2043,0.0710999999999999
RD,All,E5GANCARAVI,2044,0.0720999999999999
RD,All,E5GANCARAVI,2045,0.0730999999999999
RD,All,E5GANCARAVI,2046,0.0740999999999999
RD,All,E5GANCARAVI,2047,0.0751
RD,All,E5GANCARAVI,2048,0.0762
RD,All,E5GANCARAVI,2049,0.0772
RD,All,E5GANCARAVI,2050,0.0782
RD,All,E5GANCARBOV,2018,0.0439999999999999
RD,All,E5GANCARBOV,2019,0.027
RD,All,E5GANCARBOV,2020,0.0299999999999999
RD,All,E5GANCARBOV,2021,0.033
RD,All,E5GANCARBOV,2022,0.033
RD,All,E5GANCARBOV,2023,0.034
RD,All,E5GANCARBOV,2024,0.034
RD,All,E5GANCARBOV,2025,0.0347
RD,All,E5GANCARBOV,2026,0.0352999999999999
RD,All,E5GANCARBOV,2027,0.0359999999999999
RD,All,E5GANCARBOV,2028,0.0366
RD,All,E5GANCARBOV,2029,0.0373
RD,All,E5GANCARBOV,2030,0.0379
RD,All,E5GANCARBOV,2031,0.0386
RD,All,E5GANCARBOV,2032,0.0391999999999999
RD,All,E5GANCARBOV,2033,0.0398999999999999
RD,All,E5GANCARBOV,2034,0.0405
RD,All,E5GANCARBOV,2035,0.0412
RD,All,E5GANCARBOV,2036,0.0417999999999999
RD,All,E5GANCARBOV,2037,0.0425
RD,All,E5GANCARBOV,2038,0.0430999999999999
RD,All,E5GANCARBOV,2039,0.0437999999999999
RD,All,E5GANCARBOV,2040,0.0444
RD,All,E5GANCARBOV,2041,0.0451
RD,All,E5GANCARBOV,2042,0.0456999999999999
RD,All,E5GANCARBOV,2043,0.0463999999999999
RD,All,E5GANCARBOV,2044,0.047
RD,All,E5GANCARBOV,2045,0.0476999999999999
RD,All,E5GANCARBOV,2046,0.0483
RD,All,E5GANCARBOV,2047,0.049
RD,All,E5GANCARBOV,2048,0.0495999999999999
RD,All,E5GANCARBOV,2049,0.0502999999999999
RD,All,E5GANCARBOV,2050,0.0509999999999999
RD,All,E5GANCARPOR,2018,0.04
RD,All,E5GANCARPOR,2019,0.055
RD,All,E5GANCARPOR,2020,0.065
RD,All,E5GANCARPOR,2021,0.057
RD,All,E5GANCARPOR,2022,0.057
RD,All,E5GANCARPOR,2023,0.058
RD,All,E5GANCARPOR,2024,0.0589999999999999
RD,All,E5GANCARPOR,2025,0.0601999999999999
RD,All,E5GANCARPOR,2026,0.0613
RD,All,E5GANCARPOR,2027,0.0625
RD,All,E5GANCARPOR,2028,0.0636
RD,All,E5GANCARPOR,2029,0.0647999999999999
RD,All,E5GANCARPOR,2030,0.066
RD,All,E5GANCARPOR,2031,0.0671
RD,All,E5GANCARPOR,2032,0.0683
RD,All,E5GANCARPOR,2033,0.0694
RD,All,E5GANCARPOR,2034,0.0705999999999999
RD,All,E5GANCARPOR,2035,0.0718
RD,All,E5GANCARPOR,2036,0.0729
RD,All,E5GANCARPOR,2037,0.0740999999999999
RD,All,E5GANCARPOR,2038,0.0752
RD,All,E5GANCARPOR,2039,0.0763999999999999
RD,All,E5GANCARPOR,2040,0.0776
RD,All,E5GANCARPOR,2041,0.0787
RD,All,E5GANCARPOR,2042,0.0798999999999999
RD,All,E5GANCARPOR,2043,0.081
RD,All,E5GANCARPOR,2044,0.0821999999999999
RD,All,E5GANCARPOR,2045,0.0834
RD,All,E5GANCARPOR,2046,0.0845
RD,All,E5GANCARPOR,2047,0.0856999999999999
RD,All,E5GANCARPOR,2048,0.0868
RD,All,E5GANCARPOR,2049,0.0879999999999999
RD,All,E5GANCARPOR,2050,0.0892
RD,All,E5GANOTRCARPRO,2018,0.0459999999999999
RD,All,E5GANOTRCARPRO,2019,0.0459999999999999
RD,All,E5GANOTRCARPRO,2020,0.0459999999999999
RD,All,E5GANOTRCARPRO,2021,0.0459999999999999
RD,All,E5GANOTRCARPRO,2022,0.0459999999999999
RD,All,E5GANOTRCARPRO,2023,0.047
RD,All,E5GANOTRCARPRO,2024,0.048
RD,All,E5GANOTRCARPRO,2025,0.0488999999999999
RD,All,E5GANOTRCARPRO,2026,0.0497999999999999
RD,All,E5GANOTRCARPRO,2027,0.0507
RD,All,E5GANOTRCARPRO,2028,0.0517
RD,All,E5GANOTRCARPRO,2029,0.0526
RD,All,E5GANOTRCARPRO,2030,0.0534999999999999
RD,All,E5GANOTRCARPRO,2031,0.0543999999999999
RD,All,E5GANOTRCARPRO,2032,0.0553
RD,All,E5GANOTRCARPRO,2033,0.0562
RD,All,E5GANOTRCARPRO,2034,0.0572
RD,All,E5GANOTRCARPRO,2035,0.0580999999999999
RD,All,E5GANOTRCARPRO,2036,0.0589999999999999
RD,All,E5GANOTRCARPRO,2037,0.0599
RD,All,E5GANOTRCARPRO,2038,0.0608
RD,All,E5GANOTRCARPRO,2039,0.0616999999999999
RD,All,E5GANOTRCARPRO,2040,0.0626
RD,All,E5GANOTRCARPRO,2041,0.0636
RD,All,E5GANOTRCARPRO,2042,0.0645
RD,All,E5GANOTRCARPRO,2043,0.0654
RD,All,E5GANOTRCARPRO,2044,0.0662999999999999
RD,All,E5GANOTRCARPRO,2045,0.0671999999999999
RD,All,E5GANOTRCARPRO,2046,0.0680999999999999
RD,All,E5GANOTRCARPRO,2047,0.0690999999999999
RD,All,E5GANOTRCARPRO,2048,0.07
RD,All,E5GANOTRCARPRO,2049,0.0709
RD,All,E5GANOTRCARPRO,2050,0.0718
RD,All,E5GANOTRCAR,2018,0.003
RD,All,E5GANOTRCAR,2019,0.003
RD,All,E5GANOTRCAR,2020,0.003
RD,All,E5GANOTRCAR,2021,0.003
RD,All,E5GANOTRCAR,2022,0.003
RD,All,E5GANOTRCAR,2023,0.003
RD,All,E5GANOTRCAR,2024,0.003
RD,All,E5GANOTRCAR,2025,0.003
RD,All,E5GANOTRCAR,2026,0.003
RD,All,E5GANOTRCAR,2027,0.0030999999999999
RD,All,E5GANOTRCAR,2028,0.0030999999999999
RD,All,E5GANOTRCAR,2029,0.0030999999999999
RD,All,E5GANOTRCAR,2030,0.0030999999999999
RD,All,E5GANOTRCAR,2031,0.0030999999999999
RD,All,E5GANOTRCAR,2032,0.0030999999999999
RD,All,E5GANOTRCAR,2033,0.0032
RD,All,E5GANOTRCAR,2034,0.0032
RD,All,E5GANOTRCAR,2035,0.0032
RD,All,E5GANOTRCAR,2036,0.0032
RD,All,E5GANOTRCAR,2037,0.0032
RD,All,E5GANOTRCAR,2038,0.0033
RD,All,E5GANOTRCAR,2039,0.0033
RD,All,E5GANOTRCAR,2040,0.0033
RD,All,E5GANOTRCAR,2041,0.0033
RD,All,E5GANOTRCAR,2042,0.0033
RD,All,E5GANOTRCAR,2043,0.0033
RD,All,E5GANOTRCAR,2044,0.0033999999999999
RD,All,E5GANOTRCAR,2045,0.0033999999999999
RD,All,E5GANOTRCAR,2046,0.0033999999999999
RD,All,E5GANOTRCAR,2047,0.0033999999999999
RD,All,E5GANOTRCAR,2048,0.0033999999999999
RD,All,E5GANOTRCAR,2049,0.0035
RD,All,E5GANOTRCAR,2050,0.0035
RD,All,E5AGREXPCAF,2018,0.07
RD,All,E5AGREXPCAF,2019,0.07
RD,All,E5AGREXPCAF,2020,0.07
RD,All,E5AGREXPCAF,2021,0.07
RD,All,E5AGREXPCAF,2022,0.07
RD,All,E5AGREXPCAF,2023,0.0714
RD,All,E5AGREXPCAF,2024,0.072828
RD,All,E5AGREXPCAF,2025,0.0742845599999999
RD,All,E5AGREXPCAF,2026,0.0757702509999999
RD,All,E5AGREXPCAF,2027,0.0772856559999999
RD,All,E5AGREXPCAF,2028,0.0788313689999999
RD,All,E5AGREXPCAF,2029,0.0804079969999999
RD,All,E5AGREXPCAF,2030,0.082016157
RD,All,E5AGREXPCAF,2031,0.08365648
RD,All,E5AGREXPCAF,2032,0.085329609
RD,All,E5AGREXPCAF,2033,0.0870362019999999
RD,All,E5AGREXPCAF,2034,0.088776926
RD,All,E5AGREXPCAF,2035,0.0905524639999999
RD,All,E5AGREXPCAF,2036,0.0923635129999999
RD,All,E5AGREXPCAF,2037,0.094210784
RD,All,E5AGREXPCAF,2038,0.096094999
RD,All,E5AGREXPCAF,2039,0.098016899
RD,All,E5AGREXPCAF,2040,0.0999772369999999
RD,All,E5AGREXPCAF,2041,0.101976782
RD,All,E5AGREXPCAF,2042,0.104016318
RD,All,E5AGREXPCAF,2043,0.106096644
RD,All,E5AGREXPCAF,2044,0.108218577
RD,All,E5AGREXPCAF,2045,0.1103829479999999
RD,All,E5AGREXPCAF,2046,0.112590607
RD,All,E5AGREXPCAF,2047,0.11484242
RD,All,E5AGREXPCAF,2048,0.117139268
RD,All,E5AGREXPCAF,2049,0.119482053
RD,All,E5AGREXPCAF,2050,0.121871694
RD,All,E5AGREXPRIC,2018,0.02
RD,All,E5AGREXPRIC,2019,0.025
RD,All,E5AGREXPRIC,2020,0.025
RD,All,E5AGREXPRIC,2021,0.025
RD,All,E5AGREXPRIC,2022,0.025
RD,All,E5AGREXPRIC,2023,0.0254999999999999
RD,All,E5AGREXPRIC,2024,0.0260099999999999
RD,All,E5AGREXPRIC,2025,0.0265302
RD,All,E5AGREXPRIC,2026,0.027060804
RD,All,E5AGREXPRIC,2027,0.02760202
RD,All,E5AGREXPRIC,2028,0.02815406
RD,All,E5AGREXPRIC,2029,0.028717142
RD,All,E5AGREXPRIC,2030,0.0292914849999999
RD,All,E5AGREXPRIC,2031,0.0298773139999999
RD,All,E5AGREXPRIC,2032,0.0304748599999999
RD,All,E5AGREXPRIC,2033,0.0310843579999999
RD,All,E5AGREXPRIC,2034,0.031706045
RD,All,E5AGREXPRIC,2035,0.0323401659999999
RD,All,E5AGREXPRIC,2036,0.0329869689999999
RD,All,E5AGREXPRIC,2037,0.0336467079999999
RD,All,E5AGREXPRIC,2038,0.0343196429999999
RD,All,E5AGREXPRIC,2039,0.0350060349999999
RD,All,E5AGREXPRIC,2040,0.035706156
RD,All,E5AGREXPRIC,2041,0.036420279
RD,All,E5AGREXPRIC,2042,0.037148685
RD,All,E5AGREXPRIC,2043,0.037891659
RD,All,E5AGREXPRIC,2044,0.038649492
RD,All,E5AGREXPRIC,2045,0.039422482
RD,All,E5AGREXPRIC,2046,0.0402109309999999
RD,All,E5AGREXPRIC,2047,0.04101515
RD,All,E5AGREXPRIC,2048,0.041835453
RD,All,E5AGREXPRIC,2049,0.042672162
RD,All,E5AGREXPRIC,2050,0.043525605
RD,All,E5AGREXPCER,2018,0.0129999999999999
RD,All,E5AGREXPCER,2019,0.0179999999999999
RD,All,E5AGREXPCER,2020,0.006
RD,All,E5AGREXPCER,2021,0.001
RD,All,E5AGREXPCER,2022,0.001
RD,All,E5AGREXPCER,2023,0.001
RD,All,E5AGREXPCER,2024,0.001
RD,All,E5AGREXPCER,2025,0.001
RD,All,E5AGREXPCER,2026,0.001
RD,All,E5AGREXPCER,2027,0.001
RD,All,E5AGREXPCER,2028,0.002
RD,All,E5AGREXPCER,2029,0.002
RD,All,E5AGREXPCER,2030,0.002
RD,All,E5AGREXPCER,2031,0.002
RD,All,E5AGREXPCER,2032,0.002
RD,All,E5AGREXPCER,2033,0.002
RD,All,E5AGREXPCER,2034,0.002
RD,All,E5AGREXPCER,2035,0.002
RD,All,E5AGREXPCER,2036,0.002
RD,All,E5AGREXPCER,2037,0.002
RD,All,E5AGREXPCER,2038,0.002
RD,All,E5AGREXPCER,2039,0.002
RD,All,E5AGREXPCER,2040,0.002
RD,All,E5AGREXPCER,2041,0.002
RD,All,E5AGREXPCER,2042,0.002
RD,All,E5AGREXPCER,2043,0.002
RD,All,E5AGREXPCER,2044,0.002
RD,All,E5AGREXPCER,2045,0.002
RD,All,E5AGREXPCER,2046,0.002
RD,All,E5AGREXPCER,2047,0.002
RD,All,E5AGREXPCER,2048,0.002
RD,All,E5AGREXPCER,2049,0.002
RD,All,E5AGREXPCER,2050,0.002
RD,All,E5AGREXPBAN,2018,0.0129999999999999
RD,All,E5AGREXPBAN,2019,0.039
RD,All,E5AGREXPBAN,2020,0.027
RD,All,E5AGREXPBAN,2021,0.0359999999999999
RD,All,E5AGREXPBAN,2022,0.0359999999999999
RD,All,E5AGREXPBAN,2023,0.0369999999999999
RD,All,E5AGREXPBAN,2024,0.0369999999999999
RD,All,E5AGREXPBAN,2025,0.0379999999999999
RD,All,E5AGREXPBAN,2026,0.039
RD,All,E5AGREXPBAN,2027,0.04
RD,All,E5AGREXPBAN,2028,0.04
RD,All,E5AGREXPBAN,2029,0.041
RD,All,E5AGREXPBAN,2030,0.042
RD,All,E5AGREXPBAN,2031,0.0429999999999999
RD,All,E5AGREXPBAN,2032,0.0439999999999999
RD,All,E5AGREXPBAN,2033,0.0449999999999999
RD,All,E5AGREXPBAN,2034,0.0449999999999999
RD,All,E5AGREXPBAN,2035,0.0459999999999999
RD,All,E5AGREXPBAN,2036,0.047
RD,All,E5AGREXPBAN,2037,0.048
RD,All,E5AGREXPBAN,2038,0.049
RD,All,E5AGREXPBAN,2039,0.05
RD,All,E5AGREXPBAN,2040,0.0509999999999999
RD,All,E5AGREXPBAN,2041,0.0519999999999999
RD,All,E5AGREXPBAN,2042,0.0529999999999999
RD,All,E5AGREXPBAN,2043,0.0539999999999999
RD,All,E5AGREXPBAN,2044,0.055
RD,All,E5AGREXPBAN,2045,0.056
RD,All,E5AGREXPBAN,2046,0.058
RD,All,E5AGREXPBAN,2047,0.0589999999999999
RD,All,E5AGREXPBAN,2048,0.0599999999999999
RD,All,E5AGREXPBAN,2049,0.0609999999999999
RD,All,E5AGREXPBAN,2050,0.062
RD,All,E5AGREXPTRVEG,2018,0.0589999999999999
RD,All,E5AGREXPTRVEG,2019,0.098
RD,All,E5AGREXPTRVEG,2020,0.078
RD,All,E5AGREXPTRVEG,2021,0.0879999999999999
RD,All,E5AGREXPTRVEG,2022,0.0879999999999999
RD,All,E5AGREXPTRVEG,2023,0.08976
RD,All,E5AGREXPTRVEG,2024,0.0915552
RD,All,E5AGREXPTRVEG,2025,0.093386304
RD,All,E5AGREXPTRVEG,2026,0.09525403
RD,All,E5AGREXPTRVEG,2027,0.097159111
RD,All,E5AGREXPTRVEG,2028,0.0991022929999999
RD,All,E5AGREXPTRVEG,2029,0.101084339
RD,All,E5AGREXPTRVEG,2030,0.103106026
RD,All,E5AGREXPTRVEG,2031,0.105168146
RD,All,E5AGREXPTRVEG,2032,0.107271509
RD,All,E5AGREXPTRVEG,2033,0.109416939
RD,All,E5AGREXPTRVEG,2034,0.111605278
RD,All,E5AGREXPTRVEG,2035,0.113837383
RD,All,E5AGREXPTRVEG,2036,0.116114131
RD,All,E5AGREXPTRVEG,2037,0.118436414
RD,All,E5AGREXPTRVEG,2038,0.120805142
RD,All,E5AGREXPTRVEG,2039,0.1232212449999999
RD,All,E5AGREXPTRVEG,2040,0.12568567
RD,All,E5AGREXPTRVEG,2041,0.128199383
RD,All,E5AGREXPTRVEG,2042,0.1307633709999999
RD,All,E5AGREXPTRVEG,2043,0.1333786379999999
RD,All,E5AGREXPTRVEG,2044,0.136046211
RD,All,E5AGREXPTRVEG,2045,0.138767135
RD,All,E5AGREXPTRVEG,2046,0.141542478
RD,All,E5AGREXPTRVEG,2047,0.144373328
RD,All,E5AGREXPTRVEG,2048,0.147260794
RD,All,E5AGREXPTRVEG,2049,0.15020601
RD,All,E5AGREXPTRVEG,2050,0.15321013
RD,All,E5AGREXPCOC,2018,0.0769999999999999
RD,All,E5AGREXPCOC,2019,0.0709999999999999
RD,All,E5AGREXPCOC,2020,0.067
RD,All,E5AGREXPCOC,2021,0.0739999999999999
RD,All,E5AGREXPCOC,2022,0.0739999999999999
RD,All,E5AGREXPCOC,2023,0.0749999999999999
RD,All,E5AGREXPCOC,2024,0.0769999999999999
RD,All,E5AGREXPCOC,2025,0.078
RD,All,E5AGREXPCOC,2026,0.08
RD,All,E5AGREXPCOC,2027,0.081
RD,All,E5AGREXPCOC,2028,0.083
RD,All,E5AGREXPCOC,2029,0.085
RD,All,E5AGREXPCOC,2030,0.0859999999999999
RD,All,E5AGREXPCOC,2031,0.0879999999999999
RD,All,E5AGREXPCOC,2032,0.0899999999999999
RD,All,E5AGREXPCOC,2033,0.0919999999999999
RD,All,E5AGREXPCOC,2034,0.094
RD,All,E5AGREXPCOC,2035,0.095
RD,All,E5AGREXPCOC,2036,0.097
RD,All,E5AGREXPCOC,2037,0.099
RD,All,E5AGREXPCOC,2038,0.101
RD,All,E5AGREXPCOC,2039,0.1029999999999999
RD,All,E5AGREXPCOC,2040,0.105
RD,All,E5AGREXPCOC,2041,0.108
RD,All,E5AGREXPCOC,2042,0.11
RD,All,E5AGREXPCOC,2043,0.112
RD,All,E5AGREXPCOC,2044,0.114
RD,All,E5AGREXPCOC,2045,0.116
RD,All,E5AGREXPCOC,2046,0.1189999999999999
RD,All,E5AGREXPCOC,2047,0.121
RD,All,E5AGREXPCOC,2048,0.124
RD,All,E5AGREXPCOC,2049,0.126
RD,All,E5AGREXPCOC,2050,0.129
RD,All,E5AGREXPLEG,2018,0.003
RD,All,E5AGREXPLEG,2019,0.001
RD,All,E5AGREXPLEG,2022,0.001
RD,All,E5AGREXPLEG,2023,0.001
RD,All,E5AGREXPLEG,2024,0.001
RD,All,E5AGREXPLEG,2025,0.001
RD,All,E5AGREXPLEG,2026,0.001
RD,All,E5AGREXPLEG,2027,0.001
RD,All,E5AGREXPLEG,2028,0.001
RD,All,E5AGREXPLEG,2029,0.001
RD,All,E5AGREXPLEG,2030,0.001
RD,All,E5AGREXPLEG,2031,0.001
RD,All,E5AGREXPLEG,2032,0.001
RD,All,E5AGREXPLEG,2033,0.001
RD,All,E5AGREXPLEG,2034,0.001
RD,All,E5AGREXPLEG,2035,0.001
RD,All,E5AGREXPLEG,2036,0.001
RD,All,E5AGREXPLEG,2037,0.001
RD,All,E5AGREXPLEG,2038,0.001
RD,All,E5AGREXPLEG,2039,0.001
RD,All,E5AGREXPLEG,2040,0.001
RD,All,E5AGREXPLEG,2041,0.001
RD,All,E5AGREXPLEG,2042,0.001
RD,All,E5AGREXPLEG,2043,0.002
RD,All,E5AGREXPLEG,2044,0.002
RD,All,E5AGREXPLEG,2045,0.002
RD,All,E5AGREXPLEG,2046,0.002
RD,All,E5AGREXPLEG,2047,0.002
RD,All,E5AGREXPLEG,2048,0.002
RD,All,E5AGREXPLEG,2049,0.002
RD,All,E5AGREXPLEG,2050,0.002
RD,All,E5AGREXPROT,2018,0.001
RD,All,E5AGREXPROT,2019,0.01
RD,All,E5AGREXPROT,2020,0.069
RD,All,E5AGREXPROT,2021,0.0439999999999999
RD,All,E5AGREXPROT,2022,0.0439999999999999
RD,All,E5AGREXPROT,2023,0.0449999999999999
RD,All,E5AGREXPROT,2024,0.0459999999999999
RD,All,E5AGREXPROT,2025,0.047
RD,All,E5AGREXPROT,2026,0.048
RD,All,E5AGREXPROT,2027,0.049
RD,All,E5AGREXPROT,2028,0.05
RD,All,E5AGREXPROT,2029,0.0509999999999999
RD,All,E5AGREXPROT,2030,0.0519999999999999
RD,All,E5AGREXPROT,2031,0.0529999999999999
RD,All,E5AGREXPROT,2032,0.0539999999999999
RD,All,E5AGREXPROT,2033,0.055
RD,All,E5AGREXPROT,2034,0.056
RD,All,E5AGREXPROT,2035,0.057
RD,All,E5AGREXPROT,2036,0.058
RD,All,E5AGREXPROT,2037,0.0589999999999999
RD,All,E5AGREXPROT,2038,0.0609999999999999
RD,All,E5AGREXPROT,2039,0.062
RD,All,E5AGREXPROT,2040,0.063
RD,All,E5AGREXPROT,2041,0.064
RD,All,E5AGREXPROT,2042,0.066
RD,All,E5AGREXPROT,2043,0.067
RD,All,E5AGREXPROT,2044,0.068
RD,All,E5AGREXPROT,2045,0.07
RD,All,E5AGREXPROT,2046,0.0709999999999999
RD,All,E5AGREXPROT,2047,0.0719999999999999
RD,All,E5AGREXPROT,2048,0.0739999999999999
RD,All,E5AGREXPROT,2049,0.0749999999999999
RD,All,E5AGREXPROT,2050,0.0769999999999999
RD,All,E5AGREXPFRT,2018,0.445514
RD,All,E5AGREXPFRT,2019,0.511113
RD,All,E5AGREXPFRT,2020,0.492277
RD,All,E5AGREXPFRT,2021,0.496332
RD,All,E5AGREXPFRT,2022,0.496332
RD,All,E5AGREXPFRT,2023,0.5062586399999999
RD,All,E5AGREXPFRT,2024,0.516383813
RD,All,E5AGREXPFRT,2025,0.5267114889999999
RD,All,E5AGREXPFRT,2026,0.537245719
RD,All,E5AGREXPFRT,2027,0.547990633
RD,All,E5AGREXPFRT,2028,0.5589504459999999
RD,All,E5AGREXPFRT,2029,0.570129455
RD,All,E5AGREXPFRT,2030,0.581532044
RD,All,E5AGREXPFRT,2031,0.593162685
RD,All,E5AGREXPFRT,2032,0.605025938
RD,All,E5AGREXPFRT,2033,0.617126457
RD,All,E5AGREXPFRT,2034,0.629468986
RD,All,E5AGREXPFRT,2035,0.6420583659999999
RD,All,E5AGREXPFRT,2036,0.654899533
RD,All,E5AGREXPFRT,2037,0.667997524
RD,All,E5AGREXPFRT,2038,0.6813574749999999
RD,All,E5AGREXPFRT,2039,0.694984624
RD,All,E5AGREXPFRT,2040,0.7088843169999999
RD,All,E5AGREXPFRT,2041,0.723062003
RD,All,E5AGREXPFRT,2042,0.737523243
RD,All,E5AGREXPFRT,2043,0.752273708
RD,All,E5AGREXPFRT,2044,0.767319182
RD,All,E5AGREXPFRT,2045,0.782665566
RD,All,E5AGREXPFRT,2046,0.798318877
RD,All,E5AGREXPFRT,2047,0.8142852539999998
RD,All,E5AGREXPFRT,2048,0.8305709599999999
RD,All,E5AGREXPFRT,2049,0.847182379
RD,All,E5AGREXPFRT,2050,0.8641260259999999
RD,All,E5AGREXPOTP,2018,0.218
RD,All,E5AGREXPOTP,2019,0.13
RD,All,E5AGREXPOTP,2020,0.12
RD,All,E5AGREXPOTP,2021,0.2899999999999999
RD,All,E5AGREXPOTP,2022,0.2899999999999999
RD,All,E5AGREXPOTP,2023,0.2958
RD,All,E5AGREXPOTP,2024,0.3017159999999999
RD,All,E5AGREXPOTP,2025,0.30775032
RD,All,E5AGREXPOTP,2026,0.3139053259999999
RD,All,E5AGREXPOTP,2027,0.320183433
RD,All,E5AGREXPOTP,2028,0.326587102
RD,All,E5AGREXPOTP,2029,0.333118844
RD,All,E5AGREXPOTP,2030,0.3397812199999999
RD,All,E5AGREXPOTP,2031,0.346576845
RD,All,E5AGREXPOTP,2032,0.353508382
RD,All,E5AGREXPOTP,2033,0.360578549
RD,All,E5AGREXPOTP,2034,0.36779012
RD,All,E5AGREXPOTP,2035,0.3751459229999999
RD,All,E5AGREXPOTP,2036,0.382648841
RD,All,E5AGREXPOTP,2037,0.390301818
RD,All,E5AGREXPOTP,2038,0.3981078539999999
RD,All,E5AGREXPOTP,2039,0.4060700119999999
RD,All,E5AGREXPOTP,2040,0.4141914119999999
RD,All,E5AGREXPOTP,2041,0.4224752399999999
RD,All,E5AGREXPOTP,2042,0.430924745
RD,All,E5AGREXPOTP,2043,0.43954324
RD,All,E5AGREXPOTP,2044,0.4483341049999999
RD,All,E5AGREXPOTP,2045,0.4573007869999999
RD,All,E5AGREXPOTP,2046,0.4664468019999999
RD,All,E5AGREXPOTP,2047,0.475775738
RD,All,E5AGREXPOTP,2048,0.4852912529999999
RD,All,E5AGREXPOTP,2049,0.4949970779999999
RD,All,E5AGREXPOTP,2050,0.50489702
RD,All,E5GANEXPLEC,2018,0.02
RD,All,E5GANEXPLEC,2019,0.025
RD,All,E5GANEXPLEC,2020,0.006
RD,All,E5GANEXPLEC,2021,0.001
RD,All,E5GANEXPLEC,2022,0.001
RD,All,E5GANEXPLEC,2023,0.001
RD,All,E5GANEXPLEC,2024,0.001
RD,All,E5GANEXPLEC,2025,0.001
RD,All,E5GANEXPLEC,2026,0.001
RD,All,E5GANEXPLEC,2027,0.001
RD,All,E5GANEXPLEC,2028,0.001
RD,All,E5GANEXPLEC,2029,0.001
RD,All,E5GANEXPLEC,2030,0.001
RD,All,E5GANEXPLEC,2031,0.001
RD,All,E5GANEXPLEC,2032,0.001
RD,All,E5GANEXPLEC,2033,0.001
RD,All,E5GANEXPLEC,2034,0.001
RD,All,E5GANEXPLEC,2035,0.001
RD,All,E5GANEXPLEC,2036,0.001
RD,All,E5GANEXPLEC,2037,0.001
RD,All,E5GANEXPLEC,2038,0.001
RD,All,E5GANEXPLEC,2039,0.001
RD,All,E5GANEXPLEC,2040,0.001
RD,All,E5GANEXPLEC,2041,0.001
RD,All,E5GANEXPLEC,2042,0.002
RD,All,E5GANEXPLEC,2043,0.002
RD,All,E5GANEXPLEC,2044,0.002
RD,All,E5GANEXPLEC,2045,0.002
RD,All,E5GANEXPLEC,2046,0.002
RD,All,E5GANEXPLEC,2047,0.002
RD,All,E5GANEXPLEC,2048,0.002
RD,All,E5GANEXPLEC,2049,0.002
RD,All,E5GANEXPLEC,2050,0.002
RD,All,E5GANEXPCARAVI,2018,0.0129999999999999
RD,All,E5GANEXPCARAVI,2019,0.039
RD,All,E5GANEXPCARAVI,2020,0.027
RD,All,E5GANEXPCARAVI,2021,0.0359999999999999
RD,All,E5GANEXPCARAVI,2022,0.0359999999999999
RD,All,E5GANEXPCARAVI,2023,0.0369999999999999
RD,All,E5GANEXPCARAVI,2024,0.0379999999999999
RD,All,E5GANEXPCARAVI,2025,0.0379999999999999
RD,All,E5GANEXPCARAVI,2026,0.039
RD,All,E5GANEXPCARAVI,2027,0.04
RD,All,E5GANEXPCARAVI,2028,0.041
RD,All,E5GANEXPCARAVI,2029,0.042
RD,All,E5GANEXPCARAVI,2030,0.042
RD,All,E5GANEXPCARAVI,2031,0.0429999999999999
RD,All,E5GANEXPCARAVI,2032,0.0439999999999999
RD,All,E5GANEXPCARAVI,2033,0.0449999999999999
RD,All,E5GANEXPCARAVI,2034,0.0459999999999999
RD,All,E5GANEXPCARAVI,2035,0.047
RD,All,E5GANEXPCARAVI,2036,0.048
RD,All,E5GANEXPCARAVI,2037,0.049
RD,All,E5GANEXPCARAVI,2038,0.05
RD,All,E5GANEXPCARAVI,2039,0.0509999999999999
RD,All,E5GANEXPCARAVI,2040,0.0519999999999999
RD,All,E5GANEXPCARAVI,2041,0.0529999999999999
RD,All,E5GANEXPCARAVI,2042,0.0539999999999999
RD,All,E5GANEXPCARAVI,2043,0.055
RD,All,E5GANEXPCARAVI,2044,0.056
RD,All,E5GANEXPCARAVI,2045,0.057
RD,All,E5GANEXPCARAVI,2046,0.058
RD,All,E5GANEXPCARAVI,2047,0.0589999999999999
RD,All,E5GANEXPCARAVI,2048,0.0609999999999999
RD,All,E5GANEXPCARAVI,2049,0.062
RD,All,E5GANEXPCARAVI,2050,0.063
RD,All,E5GANEXPCARPOR,2018,0.0769999999999999
RD,All,E5GANEXPCARPOR,2019,0.0709999999999999
RD,All,E5GANEXPCARPOR,2020,0.067
RD,All,E5GANEXPCARPOR,2021,0.0739999999999999
RD,All,E5GANEXPCARPOR,2022,0.0749999999999999
RD,All,E5GANEXPCARPOR,2023,0.0759999999999999
RD,All,E5GANEXPCARPOR,2024,0.078
RD,All,E5GANEXPCARPOR,2025,0.079
RD,All,E5GANEXPCARPOR,2026,0.081
RD,All,E5GANEXPCARPOR,2027,0.082
RD,All,E5GANEXPCARPOR,2028,0.084
RD,All,E5GANEXPCARPOR,2029,0.0859999999999999
RD,All,E5GANEXPCARPOR,2030,0.0879999999999999
RD,All,E5GANEXPCARPOR,2031,0.0889999999999999
RD,All,E5GANEXPCARPOR,2032,0.0909999999999999
RD,All,E5GANEXPCARPOR,2033,0.0929999999999999
RD,All,E5GANEXPCARPOR,2034,0.095
RD,All,E5GANEXPCARPOR,2035,0.097
RD,All,E5GANEXPCARPOR,2036,0.099
RD,All,E5GANEXPCARPOR,2037,0.101
RD,All,E5GANEXPCARPOR,2038,0.1029999999999999
RD,All,E5GANEXPCARPOR,2039,0.105
RD,All,E5GANEXPCARPOR,2040,0.107
RD,All,E5GANEXPCARPOR,2041,0.109
RD,All,E5GANEXPCARPOR,2042,0.111
RD,All,E5GANEXPCARPOR,2043,0.113
RD,All,E5GANEXPCARPOR,2044,0.115
RD,All,E5GANEXPCARPOR,2045,0.1179999999999999
RD,All,E5GANEXPCARPOR,2046,0.12
RD,All,E5GANEXPCARPOR,2047,0.123
RD,All,E5GANEXPCARPOR,2048,0.125
RD,All,E5GANEXPCARPOR,2049,0.127
RD,All,E5GANEXPCARPOR,2050,0.13
RD,All,E5GANEXPOTRCARPRO,2018,0.07
RD,All,E5GANEXPOTRCARPRO,2019,0.07
RD,All,E5GANEXPOTRCARPRO,2020,0.07
RD,All,E5GANEXPOTRCARPRO,2021,0.07
RD,All,E5GANEXPOTRCARPRO,2022,0.0709999999999999
RD,All,E5GANEXPOTRCARPRO,2023,0.0719999999999999
RD,All,E5GANEXPOTRCARPRO,2024,0.0739999999999999
RD,All,E5GANEXPOTRCARPRO,2025,0.0749999999999999
RD,All,E5GANEXPOTRCARPRO,2026,0.0769999999999999
RD,All,E5GANEXPOTRCARPRO,2027,0.078
RD,All,E5GANEXPOTRCARPRO,2028,0.08
RD,All,E5GANEXPOTRCARPRO,2029,0.081
RD,All,E5GANEXPOTRCARPRO,2030,0.083
RD,All,E5GANEXPOTRCARPRO,2031,0.085
RD,All,E5GANEXPOTRCARPRO,2032,0.0859999999999999
RD,All,E5GANEXPOTRCARPRO,2033,0.0879999999999999
RD,All,E5GANEXPOTRCARPRO,2034,0.0899999999999999
RD,All,E5GANEXPOTRCARPRO,2035,0.0919999999999999
RD,All,E5GANEXPOTRCARPRO,2036,0.0929999999999999
RD,All,E5GANEXPOTRCARPRO,2037,0.095
RD,All,E5GANEXPOTRCARPRO,2038,0.097
RD,All,E5GANEXPOTRCARPRO,2039,0.099
RD,All,E5GANEXPOTRCARPRO,2040,0.101
RD,All,E5GANEXPOTRCARPRO,2041,0.1029999999999999
RD,All,E5GANEXPOTRCARPRO,2042,0.105
RD,All,E5GANEXPOTRCARPRO,2043,0.107
RD,All,E5GANEXPOTRCARPRO,2044,0.11
RD,All,E5GANEXPOTRCARPRO,2045,0.112
RD,All,E5GANEXPOTRCARPRO,2046,0.114
RD,All,E5GANEXPOTRCARPRO,2047,0.116
RD,All,E5GANEXPOTRCARPRO,2048,0.1189999999999999
RD,All,E5GANEXPOTRCARPRO,2049,0.121
RD,All,E5GANEXPOTRCARPRO,2050,0.123
RD,All,E5GANEXPOTRCAR,2018,0.003
RD,All,E5GANEXPOTRCAR,2019,0.001
RD,All,E5COBMTS,2018,0.635549
RD,All,E5COBMTS,2019,0.635549
RD,All,E5COBMTS,2020,0.635549
RD,All,E5COBMTS,2021,0.635549
RD,All,E5COBMTS,2022,0.635549
RD,All,E5COBMTS,2023,0.635549
RD,All,E5COBMTS,2024,0.635549
RD,All,E5COBMTS,2025,0.635549
RD,All,E5COBMTS,2026,0.635549
RD,All,E5COBMTS,2027,0.635549
RD,All,E5COBMTS,2028,0.635549
RD,All,E5COBMTS,2029,0.635549
RD,All,E5COBMTS,2030,0.635549
RD,All,E5COBMTS,2031,0.635549
RD,All,E5COBMTS,2032,0.635549
RD,All,E5COBMTS,2033,0.635549
RD,All,E5COBMTS,2034,0.635549
RD,All,E5COBMTS,2035,0.635549
RD,All,E5COBMTS,2036,0.635549
RD,All,E5COBMTS,2037,0.635549
RD,All,E5COBMTS,2038,0.635549
RD,All,E5COBMTS,2039,0.635549
RD,All,E5COBMTS,2040,0.635549
RD,All,E5COBMTS,2041,0.635549
RD,All,E5COBMTS,2042,0.635549
RD,All,E5COBMTS,2043,0.635549
RD,All,E5COBMTS,2044,0.635549
RD,All,E5COBMTS,2045,0.635549
RD,All,E5COBMTS,2046,0.635549
RD,All,E5COBMTS,2047,0.635549
RD,All,E5COBMTS,2048,0.635549
RD,All,E5COBMTS,2049,0.635549
RD,All,E5COBMTS,2050,0.635549
RD,All,E5COBSAB,2018,0.003
RD,All,E5COBSAB,2019,0.003
RD,All,E5COBSAB,2020,0.003
RD,All,E5COBSAB,2021,0.003
RD,All,E5COBSAB,2022,0.003
RD,All,E5COBSAB,2023,0.003
RD,All,E5COBSAB,2024,0.003
RD,All,E5COBSAB,2025,0.003
RD,All,E5COBSAB,2026,0.003
RD,All,E5COBSAB,2027,0.003
RD,All,E5COBSAB,2028,0.003
RD,All,E5COBSAB,2029,0.003
RD,All,E5COBSAB,2030,0.003
RD,All,E5COBSAB,2031,0.003
RD,All,E5COBSAB,2032,0.003
RD,All,E5COBSAB,2033,0.003
RD,All,E5COBSAB,2034,0.003
RD,All,E5COBSAB,2035,0.003
RD,All,E5COBSAB,2036,0.003
RD,All,E5COBSAB,2037,0.003
RD,All,E5COBSAB,2038,0.003
RD,All,E5COBSAB,2039,0.003
RD,All,E5COBSAB,2040,0.003
RD,All,E5COBSAB,2041,0.003
RD,All,E5COBSAB,2042,0.003
RD,All,E5COBSAB,2043,0.003
RD,All,E5COBSAB,2044,0.003
RD,All,E5COBSAB,2045,0.003
RD,All,E5COBSAB,2046,0.003
RD,All,E5COBSAB,2047,0.003
RD,All,E5COBSAB,2048,0.003
RD,All,E5COBSAB,2049,0.003
RD,All,E5COBSAB,2050,0.003
RD,All,E5COBURB,2018,0.1019999999999999
RD,All,E5COBURB,2019,0.1019999999999999
RD,All,E5COBURB,2020,0.1019999999999999
RD,All,E5COBURB,2021,0.1019999999999999
RD,All,E5COBURB,2022,0.1019999999999999
RD,All,E5COBURB,2023,0.1019999999999999
RD,All,E5COBURB,2024,0.1019999999999999
RD,All,E5COBURB,2025,0.1019999999999999
RD,All,E5COBURB,2026,0.1019999999999999
RD,All,E5COBURB,2027,0.1019999999999999
RD,All,E5COBURB,2028,0.1019999999999999
RD,All,E5COBURB,2029,0.1019999999999999
RD,All,E5COBURB,2030,0.1019999999999999
RD,All,E5COBURB,2031,0.1019999999999999
RD,All,E5COBURB,2032,0.1019999999999999
RD,All,E5COBURB,2033,0.1019999999999999
RD,All,E5COBURB,2034,0.1019999999999999
RD,All,E5COBURB,2035,0.1019999999999999
RD,All,E5COBURB,2036,0.1019999999999999
RD,All,E5COBURB,2037,0.1019999999999999
RD,All,E5COBURB,2038,0.1019999999999999
RD,All,E5COBURB,2039,0.1019999999999999
RD,All,E5COBURB,2040,0.1019999999999999
RD,All,E5COBURB,2041,0.1019999999999999
RD,All,E5COBURB,2042,0.1019999999999999
RD,All,E5COBURB,2043,0.1019999999999999
RD,All,E5COBURB,2044,0.1019999999999999
RD,All,E5COBURB,2045,0.1019999999999999
RD,All,E5COBURB,2046,0.1019999999999999
RD,All,E5COBURB,2047,0.1019999999999999
RD,All,E5COBURB,2048,0.1019999999999999
RD,All,E5COBURB,2049,0.1019999999999999
RD,All,E5COBURB,2050,0.1019999999999999
RD,All,E5COBOLU,2018,0.003
RD,All,E5COBOLU,2019,0.003
RD,All,E5COBOLU,2020,0.003
RD,All,E5COBOLU,2021,0.003
RD,All,E5COBOLU,2022,0.003
RD,All,E5COBOLU,2023,0.003
RD,All,E5COBOLU,2024,0.003
RD,All,E5COBOLU,2025,0.003
RD,All,E5COBOLU,2026,0.003
RD,All,E5COBOLU,2027,0.003
RD,All,E5COBOLU,2028,0.003
RD,All,E5COBOLU,2029,0.003
RD,All,E5COBOLU,2030,0.003
RD,All,E5COBOLU,2031,0.003
RD,All,E5COBOLU,2032,0.003
RD,All,E5COBOLU,2033,0.003
RD,All,E5COBOLU,2034,0.003
RD,All,E5COBOLU,2035,0.003
RD,All,E5COBOLU,2036,0.003
RD,All,E5COBOLU,2037,0.003
RD,All,E5COBOLU,2038,0.003
RD,All,E5COBOLU,2039,0.003
RD,All,E5COBOLU,2040,0.003
RD,All,E5COBOLU,2041,0.003
RD,All,E5COBOLU,2042,0.003
RD,All,E5COBOLU,2043,0.003
RD,All,E5COBOLU,2044,0.003
RD,All,E5COBOLU,2045,0.003
RD,All,E5COBOLU,2046,0.003
RD,All,E5COBOLU,2047,0.003
RD,All,E5COBOLU,2048,0.003
RD,All,E5COBOLU,2049,0.003
RD,All,E5COBOLU,2050,0.003
RD,All,E5BOSLATHUM,2018,0.7369999999999999
RD,All,E5BOSLATHUM,2019,0.7369999999999999
RD,All,E5BOSLATHUM,2020,0.7369999999999999
RD,All,E5BOSLATHUM,2021,0.7369999999999999
RD,All,E5BOSLATHUM,2022,0.7339999999999999
RD,All,E5BOSLATHUM,2023,0.7269999999999999
RD,All,E5BOSLATHUM,2024,0.7199999999999999
RD,All,E5BOSLATHUM,2025,0.7119999999999999
RD,All,E5BOSLATHUM,2026,0.7049999999999998
RD,All,E5BOSLATHUM,2027,0.67
RD,All,E5BOSLATHUM,2028,0.636
RD,All,E5BOSLATHUM,2029,0.6049999999999999
RD,All,E5BOSLATHUM,2030,0.574
RD,All,E5BOSLATHUM,2031,0.546
RD,All,E5BOSLATHUM,2032,0.518
RD,All,E5BOSLATHUM,2033,0.4919999999999999
RD,All,E5BOSLATHUM,2034,0.468
RD,All,E5BOSLATHUM,2035,0.444
RD,All,E5BOSLATHUM,2036,0.4219999999999999
RD,All,E5BOSLATHUM,2037,0.401
RD,All,E5BOSLATHUM,2038,0.377
RD,All,E5BOSLATHUM,2039,0.3539999999999999
RD,All,E5BOSLATHUM,2040,0.333
RD,All,E5BOSLATHUM,2041,0.313
RD,All,E5BOSLATHUM,2042,0.2939999999999999
RD,All,E5BOSLATHUM,2043,0.277
RD,All,E5BOSLATHUM,2044,0.26
RD,All,E5BOSLATHUM,2045,0.245
RD,All,E5BOSLATHUM,2046,0.23
RD,All,E5BOSLATHUM,2047,0.216
RD,All,E5BOSLATHUM,2048,0.203
RD,All,E5BOSLATHUM,2049,0.191
RD,All,E5BOSLATHUM,2050,0.1489999999999999
RD,All,E5BOSCLF,2018,0.13
RD,All,E5BOSCLF,2019,0.13
RD,All,E5BOSCLF,2020,0.13
RD,All,E5BOSCLF,2021,0.13
RD,All,E5BOSCLF,2022,0.129
RD,All,E5BOSCLF,2023,0.123
RD,All,E5BOSCLF,2024,0.116
RD,All,E5BOSCLF,2025,0.111
RD,All,E5BOSCLF,2026,0.105
RD,All,E5BOSCLF,2027,0.1
RD,All,E5BOSCLF,2028,0.095
RD,All,E5BOSCLF,2029,0.0899999999999999
RD,All,E5BOSCLF,2030,0.0859999999999999
RD,All,E5BOSCLF,2031,0.081
RD,All,E5BOSCLF,2032,0.0769999999999999
RD,All,E5BOSCLF,2033,0.0729999999999999
RD,All,E5BOSCLF,2034,0.07
RD,All,E5BOSCLF,2035,0.066
RD,All,E5BOSCLF,2036,0.063
RD,All,E5BOSCLF,2037,0.0599999999999999
RD,All,E5BOSCLF,2038,0.056
RD,All,E5BOSCLF,2039,0.0529999999999999
RD,All,E5BOSCLF,2040,0.05
RD,All,E5BOSCLF,2041,0.047
RD,All,E5BOSCLF,2042,0.0439999999999999
RD,All,E5BOSCLF,2043,0.041
RD,All,E5BOSCLF,2044,0.039
RD,All,E5BOSCLF,2045,0.0359999999999999
RD,All,E5BOSCLF,2046,0.034
RD,All,E5BOSCLF,2047,0.032
RD,All,E5BOSCLF,2048,0.0299999999999999
RD,All,E5BOSCLF,2049,0.028
RD,All,E5BOSCLF,2050,0.0219999999999999
RD,All,E5BOSLATSHUM,2018,0.276
RD,All,E5BOSLATSHUM,2019,0.276
RD,All,E5BOSLATSHUM,2020,0.276
RD,All,E5BOSLATSHUM,2021,0.276
RD,All,E5BOSLATSHUM,2022,0.275
RD,All,E5BOSLATSHUM,2023,0.274
RD,All,E5BOSLATSHUM,2024,0.272
RD,All,E5BOSLATSHUM,2025,0.271
RD,All,E5BOSLATSHUM,2026,0.27
RD,All,E5BOSLATSHUM,2027,0.257
RD,All,E5BOSLATSHUM,2028,0.2439999999999999
RD,All,E5BOSLATSHUM,2029,0.232
RD,All,E5BOSLATSHUM,2030,0.22
RD,All,E5BOSLATSHUM,2031,0.2089999999999999
RD,All,E5BOSLATSHUM,2032,0.199
RD,All,E5BOSLATSHUM,2033,0.189
RD,All,E5BOSLATSHUM,2034,0.1789999999999999
RD,All,E5BOSLATSHUM,2035,0.17
RD,All,E5BOSLATSHUM,2036,0.162
RD,All,E5BOSLATSHUM,2037,0.154
RD,All,E5BOSLATSHUM,2038,0.1449999999999999
RD,All,E5BOSLATSHUM,2039,0.136
RD,All,E5BOSLATSHUM,2040,0.128
RD,All,E5BOSLATSHUM,2041,0.12
RD,All,E5BOSLATSHUM,2042,0.113
RD,All,E5BOSLATSHUM,2043,0.106
RD,All,E5BOSLATSHUM,2044,0.1
RD,All,E5BOSLATSHUM,2045,0.094
RD,All,E5BOSLATSHUM,2046,0.0879999999999999
RD,All,E5BOSLATSHUM,2047,0.083
RD,All,E5BOSLATSHUM,2048,0.078
RD,All,E5BOSLATSHUM,2049,0.0729999999999999
RD,All,E5BOSLATSHUM,2050,0.057
RD,All,E5BOSDCON,2018,0.167
RD,All,E5BOSDCON,2019,0.167
RD,All,E5BOSDCON,2020,0.167
RD,All,E5BOSDCON,2021,0.167
RD,All,E5BOSDCON,2022,0.166
RD,All,E5BOSDCON,2023,0.165
RD,All,E5BOSDCON,2024,0.164
RD,All,E5BOSDCON,2025,0.163
RD,All,E5BOSDCON,2026,0.163
RD,All,E5BOSDCON,2027,0.155
RD,All,E5BOSDCON,2028,0.1469999999999999
RD,All,E5BOSDCON,2029,0.139
RD,All,E5BOSDCON,2030,0.132
RD,All,E5BOSDCON,2031,0.126
RD,All,E5BOSDCON,2032,0.12
RD,All,E5BOSDCON,2033,0.114
RD,All,E5BOSDCON,2034,0.108
RD,All,E5BOSDCON,2035,0.1029999999999999
RD,All,E5BOSDCON,2036,0.097
RD,All,E5BOSDCON,2037,0.0929999999999999
RD,All,E5BOSDCON,2038,0.0869999999999999
RD,All,E5BOSDCON,2039,0.082
RD,All,E5BOSDCON,2040,0.0769999999999999
RD,All,E5BOSDCON,2041,0.0719999999999999
RD,All,E5BOSDCON,2042,0.068
RD,All,E5BOSDCON,2043,0.064
RD,All,E5BOSDCON,2044,0.0599999999999999
RD,All,E5BOSDCON,2045,0.056
RD,All,E5BOSDCON,2046,0.0529999999999999
RD,All,E5BOSDCON,2047,0.05
RD,All,E5BOSDCON,2048,0.047
RD,All,E5BOSDCON,2049,0.0439999999999999
RD,All,E5BOSDCON,2050,0.034
RD,All,E5BOSSCON,2018,0.083
RD,All,E5BOSSCON,2019,0.083
RD,All,E5BOSSCON,2020,0.083
RD,All,E5BOSSCON,2021,0.083
RD,All,E5BOSSCON,2022,0.083
RD,All,E5BOSSCON,2023,0.081
RD,All,E5BOSSCON,2024,0.079
RD,All,E5BOSSCON,2025,0.0769999999999999
RD,All,E5BOSSCON,2026,0.0749999999999999
RD,All,E5BOSSCON,2027,0.0709999999999999
RD,All,E5BOSSCON,2028,0.068
RD,All,E5BOSSCON,2029,0.064
RD,All,E5BOSSCON,2030,0.0609999999999999
RD,All,E5BOSSCON,2031,0.058
RD,All,E5BOSSCON,2032,0.055
RD,All,E5BOSSCON,2033,0.0519999999999999
RD,All,E5BOSSCON,2034,0.05
RD,All,E5BOSSCON,2035,0.047
RD,All,E5BOSSCON,2036,0.0449999999999999
RD,All,E5BOSSCON,2037,0.0429999999999999
RD,All,E5BOSSCON,2038,0.04
RD,All,E5BOSSCON,2039,0.0379999999999999
RD,All,E5BOSSCON,2040,0.035
RD,All,E5BOSSCON,2041,0.033
RD,All,E5BOSSCON,2042,0.031
RD,All,E5BOSSCON,2043,0.029
RD,All,E5BOSSCON,2044,0.028
RD,All,E5BOSSCON,2045,0.0259999999999999
RD,All,E5BOSSCON,2046,0.024
RD,All,E5BOSSCON,2047,0.023
RD,All,E5BOSSCON,2048,0.0219999999999999
RD,All,E5BOSSCON,2049,0.02
RD,All,E5BOSSCON,2050,0.016
RD,All,E5BOSWET,2018,0.026435683
RD,All,E5BOSWET,2019,0.026435683
RD,All,E5BOSWET,2020,0.026435683
RD,All,E5BOSWET,2021,0.026435683
RD,All,E5BOSWET,2022,0.02632994
RD,All,E5BOSWET,2023,0.026435683
RD,All,E5BOSWET,2024,0.026435683
RD,All,E5BOSWET,2025,0.026435683
RD,All,E5BOSWET,2026,0.026435683
RD,All,E5BOSWET,2027,0.0251138989999999
RD,All,E5BOSWET,2028,0.023858204
RD,All,E5BOSWET,2029,0.0226652939999999
RD,All,E5BOSWET,2030,0.021532029
RD,All,E5BOSWET,2031,0.020455428
RD,All,E5BOSWET,2032,0.019432656
RD,All,E5BOSWET,2033,0.018461023
RD,All,E5BOSWET,2034,0.0175379719999999
RD,All,E5BOSWET,2035,0.016661074
RD,All,E5BOSWET,2036,0.01582802
RD,All,E5BOSWET,2037,0.0150366189999999
RD,All,E5BOSWET,2038,0.014134422
RD,All,E5BOSWET,2039,0.013286357
RD,All,E5BOSWET,2040,0.012489175
RD,All,E5BOSWET,2041,0.011739825
RD,All,E5BOSWET,2042,0.011035435
RD,All,E5BOSWET,2043,0.010373309
RD,All,E5BOSWET,2044,0.0097509109999999
RD,All,E5BOSWET,2045,0.009165856
RD,All,E5BOSWET,2046,0.008615905
RD,All,E5BOSWET,2047,0.00809895
RD,All,E5BOSWET,2048,0.007613013
RD,All,E5BOSWET,2049,0.007156232
RD,All,E5BOSWET,2050,0.0055818609999999
RD,All,E5BOSDRY,2018,0.4159999999999999
RD,All,E5BOSDRY,2019,0.4159999999999999
RD,All,E5BOSDRY,2020,0.4159999999999999
RD,All,E5BOSDRY,2021,0.4159999999999999
RD,All,E5BOSDRY,2022,0.4149999999999999
RD,All,E5BOSDRY,2023,0.4109999999999999
RD,All,E5BOSDRY,2024,0.4069999999999999
RD,All,E5BOSDRY,2025,0.404
RD,All,E5BOSDRY,2026,0.4
RD,All,E5BOSDRY,2027,0.38
RD,All,E5BOSDRY,2028,0.3609999999999999
RD,All,E5BOSDRY,2029,0.343
RD,All,E5BOSDRY,2030,0.326
RD,All,E5BOSDRY,2031,0.309
RD,All,E5BOSDRY,2032,0.2939999999999999
RD,All,E5BOSDRY,2033,0.279
RD,All,E5BOSDRY,2034,0.265
RD,All,E5BOSDRY,2035,0.252
RD,All,E5BOSDRY,2036,0.2389999999999999
RD,All,E5BOSDRY,2037,0.227
RD,All,E5BOSDRY,2038,0.214
RD,All,E5BOSDRY,2039,0.201
RD,All,E5BOSDRY,2040,0.189
RD,All,E5BOSDRY,2041,0.1779999999999999
RD,All,E5BOSDRY,2042,0.167
RD,All,E5BOSDRY,2043,0.157
RD,All,E5BOSDRY,2044,0.1479999999999999
RD,All,E5BOSDRY,2045,0.139
RD,All,E5BOSDRY,2046,0.13
RD,All,E5BOSDRY,2047,0.123
RD,All,E5BOSDRY,2048,0.115
RD,All,E5BOSDRY,2049,0.108
RD,All,E5BOSDRY,2050,0.084
RD,All,E5TSWTSW,2018,4.0194
RD,All,E5TSWTSW,2019,4.1969
RD,All,E5TSWTSW,2020,3.9023
RD,All,E5TSWTSW,2021,4.29
RD,All,E5TSWTSW,2022,4.5707
RD,All,E5TSWTSW,2023,4.7361
RD,All,E5TSWTSW,2024,4.8733
RD,All,E5TSWTSW,2025,5.09150559900428
RD,All,E5TSWTSW,2026,5.20141119800856
RD,All,E5TSWTSW,2027,5.31131679701284
RD,All,E5TSWTSW,2028,5.42122239601712
RD,All,E5TSWTSW,2029,5.5311279950214
RD,All,E5TSWTSW,2030,5.64103359402568
RD,All,E5TSWTSW,2031,5.75093919302996
RD,All,E5TSWTSW,2032,5.86084479203424
RD,All,E5TSWTSW,2033,5.97075039103852
RD,All,E5TSWTSW,2034,6.0806559900428
RD,All,E5TSWTSW,2035,6.19056158904708
RD,All,E5TSWTSW,2036,6.30046718805136
RD,All,E5TSWTSW,2037,6.41037278705564
RD,All,E5TSWTSW,2038,6.52027838605992
RD,All,E5TSWTSW,2039,6.6301839850642095
RD,All,E5TSWTSW,2040,6.74008958406849
RD,All,E5TSWTSW,2041,6.849995183072769
RD,All,E5TSWTSW,2042,6.9599007820770495
RD,All,E5TSWTSW,2043,7.06980638108133
RD,All,E5TSWTSW,2044,7.179711980085609
RD,All,E5TSWTSW,2045,7.28961757908989
RD,All,E5TSWTSW,2046,7.399523178094171
RD,All,E5TSWTSW,2047,7.509428777098449
RD,All,E5TSWTSW,2048,7.61933437610273
RD,All,E5TSWTSW,2049,7.72923997510701
RD,All,E5TSWTSW,2050,7.839145574111289
RD,All,E5TWWTWW,2018,1.1934
RD,All,E5TWWTWW,2019,1.2461
RD,All,E5TWWTWW,2020,1.1586
RD,All,E5TWWTWW,2021,1.2737
RD,All,E5TWWTWW,2022,1.3571
RD,All,E5TWWTWW,2023,1.4062
RD,All,E5TWWTWW,2024,1.4469
RD,All,E5TWWTWW,2025,1.53687526118495
RD,All,E5TWWTWW,2026,1.58625052236989
RD,All,E5TWWTWW,2027,1.63562578355484
RD,All,E5TWWTWW,2028,1.68500104473978
RD,All,E5TWWTWW,2029,1.73437630592473
RD,All,E5TWWTWW,2030,1.78375156710967
RD,All,E5TWWTWW,2031,1.83312682829462
RD,All,E5TWWTWW,2032,1.88250208947956
RD,All,E5TWWTWW,2033,1.9318773506645095
RD,All,E5TWWTWW,2034,1.98125261184945
RD,All,E5TWWTWW,2035,2.0306278730344
RD,All,E5TWWTWW,2036,2.08000313421934
RD,All,E5TWWTWW,2037,2.12937839540429
RD,All,E5TWWTWW,2038,2.17875365658923
RD,All,E5TWWTWW,2039,2.22812891777418
RD,All,E5TWWTWW,2040,2.27750417895912
RD,All,E5TWWTWW,2041,2.32687944014407
RD,All,E5TWWTWW,2042,2.3762547013290094
RD,All,E5TWWTWW,2043,2.42562996251396
RD,All,E5TWWTWW,2044,2.4750052236989
RD,All,E5TWWTWW,2045,2.5243804848838503
RD,All,E5TWWTWW,2046,2.57375574606879
RD,All,E5TWWTWW,2047,2.62313100725374
RD,All,E5TWWTWW,2048,2.67250626843868
RD,All,E5TWWTWW,2049,2.72188152962363
RD,All,E5TWWTWW,2050,2.7712567908085695
RD,All,E5CEM_PRODCEM_PROD,2018,5.4296
RD,All,E5CEM_PRODCEM_PROD,2019,5.6442
RD,All,E5CEM_PRODCEM_PROD,2020,5.169
RD,All,E5CEM_PRODCEM_PROD,2021,6.5624
RD,All,E5CEM_PRODCEM_PROD,2022,6.5347
RD,All,E5CEM_PRODCEM_PROD,2023,6.6716
RD,All,E5CEM_PRODCEM_PROD,2024,6.9195
RD,All,E5CEM_PRODCEM_PROD,2025,7.7126
RD,All,E5CEM_PRODCEM_PROD,2026,8.2565
RD,All,E5CEM_PRODCEM_PROD,2027,8.800499999999998
RD,All,E5CEM_PRODCEM_PROD,2028,9.3444
RD,All,E5CEM_PRODCEM_PROD,2029,9.8883
RD,All,E5CEM_PRODCEM_PROD,2030,10.4322
RD,All,E5CEM_PRODCEM_PROD,2031,10.9761
RD,All,E5CEM_PRODCEM_PROD,2032,11.52
RD,All,E5CEM_PRODCEM_PROD,2033,12.064
RD,All,E5CEM_PRODCEM_PROD,2034,12.6079
RD,All,E5CEM_PRODCEM_PROD,2035,13.1518
RD,All,E5CEM_PRODCEM_PROD,2036,13.6957
RD,All,E5CEM_PRODCEM_PROD,2037,14.2396
RD,All,E5CEM_PRODCEM_PROD,2038,14.7836
RD,All,E5CEM_PRODCEM_PROD,2039,15.3275
RD,All,E5CEM_PRODCEM_PROD,2040,15.8714
RD,All,E5CEM_PRODCEM_PROD,2041,16.4153
RD,All,E5CEM_PRODCEM_PROD,2042,16.9592
RD,All,E5CEM_PRODCEM_PROD,2043,17.5031
RD,All,E5CEM_PRODCEM_PROD,2044,18.0471
RD,All,E5CEM_PRODCEM_PROD,2045,18.591
RD,All,E5CEM_PRODCEM_PROD,2046,19.1349
RD,All,E5CEM_PRODCEM_PROD,2047,19.6788
RD,All,E5CEM_PRODCEM_PROD,2048,20.2227
RD,All,E5CEM_PRODCEM_PROD,2049,20.7667
RD,All,E5CEM_PRODCEM_PROD,2050,21.3106
RD,All,E6TDPASPRI,2018,59.7865
RD,All,E6TDPASPRI,2019,65.3395
RD,All,E6TDPASPRI,2020,71.4971
RD,All,E6TDPASPRI,2021,75.5009
RD,All,E6TDPASPRI,2022,79.656
RD,All,E6TDPASPRI,2023,83.96299999999998
RD,All,E6TDPASPRI,2024,88.42189999999998
RD,All,E6TDPASPRI,2025,90.8651
RD,All,E6TDPASPRI,2026,94.9265
RD,All,E6TDPASPRI,2027,98.8332
RD,All,E6TDPASPRI,2028,102.4472
RD,All,E6TDPASPRI,2029,105.6061
RD,All,E6TDPASPRI,2030,108.0978
RD,All,E6TDPASPRI,2031,109.7305
RD,All,E6TDPASPRI,2032,110.3616
RD,All,E6TDPASPRI,2033,110.011
RD,All,E6TDPASPRI,2034,108.8778
RD,All,E6TDPASPRI,2035,107.3553
RD,All,E6TDPASPRI,2036,105.8767
RD,All,E6TDPASPRI,2037,104.8144
RD,All,E6TDPASPRI,2038,104.3819
RD,All,E6TDPASPRI,2039,104.6574
RD,All,E6TDPASPRI,2040,105.6121
RD,All,E6TDPASPRI,2041,107.1631
RD,All,E6TDPASPRI,2042,109.2059
RD,All,E6TDPASPRI,2043,111.6415
RD,All,E6TDPASPRI,2044,114.3833
RD,All,E6TDPASPRI,2045,117.3591
RD,All,E6TDPASPRI,2046,120.5085
RD,All,E6TDPASPRI,2047,123.781
RD,All,E6TDPASPRI,2048,127.1422
RD,All,E6TDPASPRI,2049,130.5533
RD,All,E6TDPASPRI,2050,133.9941
RD,All,E6TDPASPUB,2018,28.9422
RD,All,E6TDPASPUB,2019,31.6313
RD,All,E6TDPASPUB,2020,34.6122
RD,All,E6TDPASPUB,2021,36.5499
RD,All,E6TDPASPUB,2022,38.562
RD,All,E6TDPASPUB,2023,40.6458
RD,All,E6TDPASPUB,2024,42.8055
RD,All,E6TDPASPUB,2025,45.2124
RD,All,E6TDPASPUB,2026,47.8472
RD,All,E6TDPASPUB,2027,50.756
RD,All,E6TDPASPUB,2028,54.0452
RD,All,E6TDPASPUB,2029,57.8482
RD,All,E6TDPASPUB,2030,62.3242
RD,All,E6TDPASPUB,2031,67.6331
RD,All,E6TDPASPUB,2032,73.8782
RD,All,E6TDPASPUB,2033,81.0331
RD,All,E6TDPASPUB,2034,88.8913
RD,All,E6TDPASPUB,2035,97.1065
RD,All,E6TDPASPUB,2036,105.2934
RD,All,E6TDPASPUB,2037,113.1515
RD,All,E6TDPASPUB,2038,120.5202
RD,All,E6TDPASPUB,2039,127.383
RD,All,E6TDPASPUB,2040,133.7943
RD,All,E6TDPASPUB,2041,139.8421
RD,All,E6TDPASPUB,2042,145.6247
RD,All,E6TDPASPUB,2043,151.2116
RD,All,E6TDPASPUB,2044,156.6615
RD,All,E6TDPASPUB,2045,162.0168
RD,All,E6TDPASPUB,2046,167.3002
RD,All,E6TDPASPUB,2047,172.5325
RD,All,E6TDPASPUB,2048,177.7144
RD,All,E6TDPASPUB,2049,182.8518
RD,All,E6TDPASPUB,2050,187.9409
RD,All,E6TDPASTUR,2018,14.556009155688
RD,All,E6TDPASTUR,2019,15.908
RD,All,E6TDPASTUR,2020,17.4071
RD,All,E6TDPASTUR,2021,18.3819
RD,All,E6TDPASTUR,2022,19.3936
RD,All,E6TDPASTUR,2023,20.4422
RD,All,E6TDPASTUR,2024,21.5277
RD,All,E6TDPASTUR,2025,22.6501
RD,All,E6TDPASTUR,2026,23.8092
RD,All,E6TDPASTUR,2027,25.0046
RD,All,E6TDPASTUR,2028,26.2358
RD,All,E6TDPASTUR,2029,27.5024
RD,All,E6TDPASTUR,2030,28.8035
RD,All,E6TDPASTUR,2031,30.1384
RD,All,E6TDPASTUR,2032,31.5061
RD,All,E6TDPASTUR,2033,32.9054
RD,All,E6TDPASTUR,2034,34.3351
RD,All,E6TDPASTUR,2035,35.7937
RD,All,E6TDPASTUR,2036,37.2798
RD,All,E6TDPASTUR,2037,38.7916
RD,All,E6TDPASTUR,2038,40.3272
RD,All,E6TDPASTUR,2039,41.8846
RD,All,E6TDPASTUR,2040,43.4618
RD,All,E6TDPASTUR,2041,45.0564
RD,All,E6TDPASTUR,2042,46.666
RD,All,E6TDPASTUR,2043,48.288
RD,All,E6TDPASTUR,2044,49.9198
RD,All,E6TDPASTUR,2045,51.5586
RD,All,E6TDPASTUR,2046,53.2014
RD,All,E6TDPASTUR,2047,54.8451
RD,All,E6TDPASTUR,2048,56.4867
RD,All,E6TDPASTUR,2049,58.1228
RD,All,E6TDPASTUR,2050,59.7503
RD,All,E6TDFREHEA,2018,12.5116
RD,All,E6TDFREHEA,2019,13.3821
RD,All,E6TDFREHEA,2020,14.1153
RD,All,E6TDFREHEA,2021,14.6588
RD,All,E6TDFREHEA,2022,15.2213
RD,All,E6TDFREHEA,2023,15.8027
RD,All,E6TDFREHEA,2024,16.4065
RD,All,E6TDFREHEA,2025,17.0292
RD,All,E6TDFREHEA,2026,17.6687
RD,All,E6TDFREHEA,2027,18.3294
RD,All,E6TDFREHEA,2028,19.0124
RD,All,E6TDFREHEA,2029,19.7188
RD,All,E6TDFREHEA,2030,20.4498
RD,All,E6TDFREHEA,2031,21.2053
RD,All,E6TDFREHEA,2032,21.9843
RD,All,E6TDFREHEA,2033,22.7912
RD,All,E6TDFREHEA,2034,23.6248
RD,All,E6TDFREHEA,2035,24.4842
RD,All,E6TDFREHEA,2036,25.3736
RD,All,E6TDFREHEA,2037,26.2921
RD,All,E6TDFREHEA,2038,27.2396
RD,All,E6TDFREHEA,2039,28.2195
RD,All,E6TDFREHEA,2040,29.2317
RD,All,E6TDFREHEA,2041,30.2752
RD,All,E6TDFREHEA,2042,31.3521
RD,All,E6TDFREHEA,2043,32.4648
RD,All,E6TDFREHEA,2044,33.612
RD,All,E6TDFREHEA,2045,34.795
RD,All,E6TDFREHEA,2046,36.017
RD,All,E6TDFREHEA,2047,37.277
RD,All,E6TDFREHEA,2048,38.576
RD,All,E6TDFREHEA,2049,39.9164
RD,All,E6TDFREHEA,2050,41.2991
RD,All,E6TDFRELIG,2018,15.4612
RD,All,E6TDFRELIG,2019,16.5382
RD,All,E6TDFRELIG,2020,17.4433
RD,All,E6TDFRELIG,2021,18.1147
RD,All,E6TDFRELIG,2022,18.8098
RD,All,E6TDFRELIG,2023,19.5296
RD,All,E6TDFRELIG,2024,20.3447
RD,All,E6TDFRELIG,2025,21.1936
RD,All,E6TDFRELIG,2026,22.0697
RD,All,E6TDFRELIG,2027,22.9813
RD,All,E6TDFRELIG,2028,23.9306
RD,All,E6TDFRELIG,2029,24.9183
RD,All,E6TDFRELIG,2030,25.9467
RD,All,E6TDFRELIG,2031,27.0168
RD,All,E6TDFRELIG,2032,28.1309
RD,All,E6TDFRELIG,2033,29.2901
RD,All,E6TDFRELIG,2034,30.4969
RD,All,E6TDFRELIG,2035,31.7529
RD,All,E6TDFRELIG,2036,33.0602
RD,All,E6TDFRELIG,2037,34.4204
RD,All,E6TDFRELIG,2038,35.8366
RD,All,E6TDFRELIG,2039,37.3099
RD,All,E6TDFRELIG,2040,38.8435
RD,All,E6TDFRELIG,2041,40.4394
RD,All,E6TDFRELIG,2042,42.1
RD,All,E6TDFRELIG,2043,43.8284
RD,All,E6TDFRELIG,2044,45.627
RD,All,E6TDFRELIG,2045,47.4987
RD,All,E6TDFRELIG,2046,49.4464
RD,All,E6TDFRELIG,2047,51.4729
RD,All,E6TDFRELIG,2048,53.5817
RD,All,E6TDFRELIG,2049,55.7762
RD,All,E6TDFRELIG,2050,58.0596
RD,All,E6TRNOMOT,2025,0.6164
RD,All,E6TRNOMOT,2026,0.8659999999999999
RD,All,E6TRNOMOT,2027,1.2091
RD,All,E6TRNOMOT,2028,1.6751
RD,All,E6TRNOMOT,2029,2.2982
RD,All,E6TRNOMOT,2030,3.1151
RD,All,E6TRNOMOT,2031,4.1611
RD,All,E6TRNOMOT,2032,5.4625
RD,All,E6TRNOMOT,2033,7.0289
RD,All,E6TRNOMOT,2034,8.8453
RD,All,E6TRNOMOT,2035,10.8698
RD,All,E6TRNOMOT,2036,13.0369
RD,All,E6TRNOMOT,2037,15.2689
RD,All,E6TRNOMOT,2038,17.4895
RD,All,E6TRNOMOT,2039,19.6357
RD,All,E6TRNOMOT,2040,21.6653
RD,All,E6TRNOMOT,2041,23.5569
RD,All,E6TRNOMOT,2042,25.3063
RD,All,E6TRNOMOT,2043,26.9212
RD,All,E6TRNOMOT,2044,28.416
RD,All,E6TRNOMOT,2045,29.8076
RD,All,E6TRNOMOT,2046,31.1125
RD,All,E6TRNOMOT,2047,32.3459
RD,All,E6TRNOMOT,2048,33.5204
RD,All,E6TRNOMOT,2049,34.6459
RD,All,E6TRNOMOT,2050,35.7306
